City,County,Type,Zip,latitude,longitude
Fleming Island,Clay,Standard,32003,30.16,-81.7
Ponte Vedra Beach,Saint Johns,P.O. Box,32004,29.937673,-81.420603
Fleming Island,Clay,P.O. Box,32006,30.11,-81.72
Bostwick,Putnam,P.O. Box,32007,29.799631,-81.627324
Branford,Suwannee,Standard,32008,29.928691,-82.91032
Bryceville,Nassau,Standard,32009,30.421425,-81.95741
Callahan,Nassau,Standard,32011,30.567684,-81.84051
Day,Lafayette,P.O. Box,32013,30.193758,-83.29266
Lake City,Columbia,Standard,32024,30.108128,-82.72529
Lake City,Columbia,Standard,32025,30.155229,-82.62165
Raiford,Union,Unique,32026,30.06,-82.24
Doctors Inlet,Clay,P.O. Box,32030,30.105553,-81.768964
Elkton,Saint Johns,Standard,32033,29.787831,-81.44668
Fernandina Beach,Nassau,Standard,32034,30.641487,-81.46092
Fernandina Beach,Nassau,P.O. Box,32035,30.551558,-81.698422
Fort White,Columbia,Standard,32038,29.922221,-82.71425
Glen Saint Mary,Baker,Standard,32040,30.272356,-82.21351
Yulee,Nassau,P.O. Box,32041,30.6233,-81.590249
Graham,Bradford,P.O. Box,32042,29.968926,-82.122553
Green Cove Springs,Clay,Standard,32043,29.97289,-81.72195
Hampton,Bradford,Standard,32044,29.863141,-82.15623
Hilliard,Nassau,Standard,32046,30.685319,-81.93061
Middleburg,Clay,P.O. Box,32050,30.031702,-81.848401
Jasper,Hamilton,Standard,32052,30.491893,-82.94876
Jennings,Hamilton,Standard,32053,30.581517,-83.13841
Lake Butler,Union,Standard,32054,30.005135,-82.38103
Lake City,Columbia,Standard,32055,30.216073,-82.6396
Lake City,Columbia,P.O. Box,32056,30.162772,-82.651184
Lawtey,Bradford,Standard,32058,30.061174,-82.0943
Lee,Madison,Standard,32059,30.421598,-83.27037
Live Oak,Suwannee,Standard,32060,30.285127,-83.04106
Lulu,Columbia,Standard,32061,30.101542,-82.50337
Mc Alpin,Suwannee,Standard,32062,30.13762,-82.98732
Macclenny,Baker,Standard,32063,30.267664,-82.12457
Live Oak,Suwannee,Standard,32064,30.331517,-82.957151
Orange Park,Clay,Standard,32065,30.133007,-81.77904
Mayo,Lafayette,Standard,32066,30.084849,-83.21849
Orange Park,Clay,P.O. Box,32067,29.956068,-81.815115
Middleburg,Clay,Standard,32068,30.074926,-81.87932
O Brien,Suwannee,Standard,32071,30.039096,-82.94481
Olustee,Baker,P.O. Box,32072,30.210947,-82.43601
Orange Park,Clay,Standard,32073,30.160965,-81.72916
Penney Farms,Clay,P.O. Box,32079,29.979095,-81.80991
Saint Augustine,Saint Johns,Standard,32080,29.838279,-81.275174
Ponte Vedra,Saint Johns,Standard,32081,29.50199,-81.600108
Ponte Vedra Beach,Saint Johns,Standard,32082,30.189934,-81.38213
Raiford,Union,Standard,32083,30.070341,-82.22371
Saint Augustine,Saint Johns,Standard,32084,29.87131,-81.29464
Saint Augustine,Saint Johns,P.O. Box,32085,29.937673,-81.420603
Saint Augustine,Saint Johns,Standard,32086,29.811123,-81.30987
Sanderson,Baker,Standard,32087,30.390734,-82.26039
Starke,Bradford,Standard,32091,29.937512,-82.11706
Saint Augustine,Saint Johns,Standard,32092,29.955409,-81.51284
Wellborn,Suwannee,Standard,32094,30.203153,-82.81421
Saint Augustine,Saint Johns,Standard,32095,29.923718,-81.33962
White Springs,Hamilton,Standard,32096,30.366085,-82.76055
Yulee,Nassau,Standard,32097,30.63928,-81.59442
Jacksonville,Duval,Standard,32099,30.337538,-81.768622
Astor,Lake,Standard,32102,29.174417,-81.56319
Barberville,Volusia,P.O. Box,32105,29.200508,-81.406458
Bunnell,Flagler,Standard,32110,29.445826,-81.30203
Candler,Marion,P.O. Box,32111,29.060711,-81.969048
Crescent City,Putnam,Standard,32112,29.425693,-81.55686
Citra,Marion,Standard,32113,29.393366,-82.09805
Daytona Beach,Volusia,Standard,32114,29.204009,-81.03602
Daytona Beach,Volusia,P.O. Box,32115,29.022729,-81.172169
Daytona Beach,Volusia,P.O. Box,32116,29.10909,-80.984344
Daytona Beach,Volusia,Standard,32117,29.238606,-81.05316
Daytona Beach,Volusia,Standard,32118,29.210309,-81.00259
Daytona Beach,Volusia,Standard,32119,29.153239,-81.02229
Daytona Beach,Volusia,P.O. Box,32120,29.022729,-81.172169
Daytona Beach,Volusia,P.O. Box,32121,29.022729,-81.172169
Daytona Beach,Volusia,P.O. Box,32122,29.022729,-81.172169
Port Orange,Volusia,P.O. Box,32123,29.022729,-81.172169
Daytona Beach,Volusia,Standard,32124,29.105506,-81.08642
Daytona Beach,Volusia,P.O. Box,32125,29.022729,-81.172169
Daytona Beach,Volusia,P.O. Box,32126,29.022729,-81.172169
Port Orange,Volusia,Standard,32127,29.116361,-80.98175
Port Orange,Volusia,Standard,32128,29.080251,-81.045962
Port Orange,Volusia,Standard,32129,29.022729,-81.172169
De Leon Springs,Volusia,Standard,32130,29.140657,-81.34497
East Palatka,Putnam,Standard,32131,29.668112,-81.59005
Edgewater,Volusia,Standard,32132,28.982714,-80.911
Eastlake Weir,Marion,P.O. Box,32133,29.008805,-81.909445
Fort Mc Coy,Marion,Standard,32134,29.401523,-81.83636
Palm Coast,Flagler,P.O. Box,32135,29.466085,-81.282815
Flagler Beach,Flagler,Standard,32136,29.47033,-81.13316
Palm Coast,Flagler,Standard,32137,29.581683,-81.21645
Grandin,Putnam,P.O. Box,32138,29.727276,-81.9205
Georgetown,Putnam,Standard,32139,29.385225,-81.61052
Florahome,Putnam,Standard,32140,29.765329,-81.85602
Edgewater,Volusia,Standard,32141,28.944915,-80.89524
Palm Coast,Flagler,P.O. Box,32142,29.466085,-81.282815
Palm Coast,Flagler,Standard,32143,29.42,-81.16
Hastings,Saint Johns,Standard,32145,29.656806,-81.46122
Hollister,Putnam,P.O. Box,32147,29.634649,-81.80743
Interlachen,Putnam,Standard,32148,29.640791,-81.88648
Interlachen,Putnam,P.O. Box,32149,29.58203,-81.744852
Lake Como,Putnam,P.O. Box,32157,29.467357,-81.57164
Lady Lake,Lake,P.O. Box,32158,28.811078,-81.653642
Lady Lake,Lake,Standard,32159,28.930573,-81.93806
Lake Geneva,Clay,P.O. Box,32160,29.768321,-81.990729
The Villages,Sumter,Standard,32162,28.945246,-81.987609
The Villages,Sumter,Standard,32163,28.93,-81.95
Palm Coast,Flagler,Standard,32164,29.499591,-81.22328
New Smyrna Beach,Volusia,Standard,32168,29.016897,-80.95736
New Smyrna Beach,Volusia,Standard,32169,28.998887,-80.87561
New Smyrna Beach,Volusia,P.O. Box,32170,29.022729,-81.172169
Ormond Beach,Volusia,P.O. Box,32173,29.022729,-81.172169
Ormond Beach,Volusia,Standard,32174,29.284924,-81.10296
Ormond Beach,Volusia,P.O. Box,32175,29.022729,-81.172169
Ormond Beach,Volusia,Standard,32176,29.316606,-81.05611
Palatka,Putnam,Standard,32177,29.666218,-81.67401
Palatka,Putnam,P.O. Box,32178,29.644306,-81.668593
Ocklawaha,Marion,Standard,32179,29.071931,-81.89073
Pierson,Volusia,Standard,32180,29.231366,-81.45095
Pomona Park,Putnam,Standard,32181,29.488583,-81.6088
Orange Springs,Marion,P.O. Box,32182,29.493034,-81.96523
Ocklawaha,Marion,P.O. Box,32183,29.084013,-81.8349
Putnam Hall,Putnam,P.O. Box,32185,29.740034,-81.95858
San Mateo,Putnam,Standard,32187,29.589748,-81.57009
Satsuma,Putnam,Standard,32189,29.556365,-81.64433
Seville,Volusia,Standard,32190,29.332109,-81.50008
Sparr,Marion,P.O. Box,32192,29.326821,-82.104632
Welaka,Putnam,Standard,32193,29.476035,-81.66331
Weirsdale,Marion,Standard,32195,29.003387,-81.89262
Daytona Beach,Volusia,Unique,32198,29.022729,-81.172169
Jacksonville,Duval,P.O. Box,32201,30.389438,-81.680806
Jacksonville,Duval,Standard,32202,30.328539,-81.65101
Jacksonville,Duval,P.O. Box,32203,30.32281,-81.547044
Jacksonville,Duval,Standard,32204,30.323806,-81.68174
Jacksonville,Duval,Standard,32205,30.307439,-81.72044
Jacksonville,Duval,Standard,32206,30.351006,-81.64664
Jacksonville,Duval,Standard,32207,30.294389,-81.6374
Jacksonville,Duval,Standard,32208,30.392888,-81.67933
Jacksonville,Duval,Standard,32209,30.354588,-81.69113
Jacksonville,Duval,Standard,32210,30.268572,-81.73987
Jacksonville,Duval,Standard,32211,30.333022,-81.586
Jacksonville,Duval,Standard,32212,30.222683,-81.70165
Jacksonville,Duval,Unique,32214,30.34494,-81.683107
Jacksonville,Duval,Standard,32216,30.28374,-81.58359
Jacksonville,Duval,Standard,32217,30.24354,-81.62098
Jacksonville,Duval,Standard,32218,30.449096,-81.65651
Jacksonville,Duval,Standard,32219,30.411564,-81.76653
Jacksonville,Duval,Standard,32220,30.329588,-81.80865
Jacksonville,Duval,Standard,32221,30.292631,-81.80502
Jacksonville,Duval,Standard,32222,30.230272,-81.81255
Jacksonville,Duval,Standard,32223,30.159091,-81.63073
Jacksonville,Duval,Standard,32224,30.284511,-81.47043
Jacksonville,Duval,Standard,32225,30.348585,-81.49965
Jacksonville,Duval,Standard,32226,30.453405,-81.52551
Jacksonville,Duval,Standard,32227,30.383023,-81.41049
Jacksonville,Duval,P.O. Box,32228,30.38239,-81.436859
Jacksonville,Duval,P.O. Box,32229,30.34494,-81.683107
Jacksonville,Duval,P.O. Box,32231,30.34494,-81.683107
Jacksonville,Duval,P.O. Box,32232,30.34494,-81.683107
Atlantic Beach,Duval,Standard,32233,30.343407,-81.40949
Jacksonville,Duval,Standard,32234,30.226463,-81.98364
Jacksonville,Duval,P.O. Box,32235,30.34494,-81.683107
Jacksonville,Duval,P.O. Box,32236,30.34494,-81.683107
Jacksonville,Duval,P.O. Box,32237,30.34494,-81.683107
Jacksonville,Duval,P.O. Box,32238,30.34494,-81.683107
Jacksonville,Duval,P.O. Box,32239,30.34494,-81.683107
Jacksonville Beach,Duval,P.O. Box,32240,30.34494,-81.683107
Jacksonville,Duval,P.O. Box,32241,30.34494,-81.683107
Jacksonville,Duval,Standard,32244,30.222489,-81.74894
Jacksonville,Duval,P.O. Box,32245,30.34494,-81.683107
Jacksonville,Duval,Standard,32246,30.296911,-81.52228
Jacksonville,Duval,P.O. Box,32247,30.34494,-81.683107
Jacksonville Beach,Duval,Standard,32250,30.284641,-81.39844
Jacksonville,Duval,Standard,32254,30.336038,-81.72509
Jacksonville,Duval,P.O. Box,32255,30.287041,-81.389305
Jacksonville,Duval,Standard,32256,30.206922,-81.54604
Jacksonville,Duval,Standard,32257,30.192434,-81.60597
Jacksonville,Duval,Standard,32258,30.148209,-81.56882
Saint Johns,Saint Johns,Standard,32259,30.092346,-81.60274
Jacksonville,Saint Johns,P.O. Box,32260,29.937673,-81.420603
Neptune Beach,Duval,Standard,32266,30.316641,-81.40308
Jacksonville,Duval,Standard,32277,30.364339,-81.59087
Tallahassee,Leon,Standard,32301,30.431283,-84.26903
Tallahassee,Leon,P.O. Box,32302,30.479347,-84.346204
Tallahassee,Leon,Standard,32303,30.486061,-84.31528
Tallahassee,Leon,Standard,32304,30.446766,-84.32394
Tallahassee,Leon,Standard,32305,30.130775,-84.406629
Tallahassee,Leon,Unique,32306,30.442499,-84.29855
Tallahassee,Leon,Unique,32307,30.42565,-84.287749
Tallahassee,Leon,Standard,32308,30.531677,-84.16049
Tallahassee,Leon,Standard,32309,30.514599,-84.188446
Tallahassee,Leon,Standard,32310,30.400318,-84.34803
Tallahassee,Leon,Standard,32311,30.403146,-84.18841
Tallahassee,Leon,Standard,32312,30.554434,-84.25979
Tallahassee,Leon,Unique,32313,30.479347,-84.346204
Tallahassee,Leon,P.O. Box,32314,30.479347,-84.346204
Tallahassee,Leon,P.O. Box,32315,30.479347,-84.346204
Tallahassee,Leon,P.O. Box,32316,30.479347,-84.346204
Tallahassee,Leon,Standard,32317,30.479347,-84.346204
Tallahassee,Leon,P.O. Box,32318,30.56,-84.18
Apalachicola,Franklin,Standard,32320,29.71877,-85.02704
Bristol,Liberty,Standard,32321,30.36007,-84.97668
Carrabelle,Franklin,Standard,32322,29.912584,-84.6407
Lanark Village,Franklin,P.O. Box,32323,29.879559,-84.60134
Chattahoochee,Gadsden,Standard,32324,30.687983,-84.8218
Crawfordville,Wakulla,P.O. Box,32326,30.183372,-84.34906
Crawfordville,Wakulla,Standard,32327,30.194939,-84.35533
Eastpoint,Franklin,Standard,32328,29.825252,-84.89247
Apalachicola,Franklin,P.O. Box,32329,29.745526,-85.023947
Greensboro,Gadsden,P.O. Box,32330,30.571364,-84.74346
Greenville,Madison,Standard,32331,30.442203,-83.65112
Gretna,Gadsden,Standard,32332,30.616479,-84.66292
Havana,Gadsden,Standard,32333,30.607352,-84.41376
Hosford,Liberty,Standard,32334,30.381958,-84.77767
Sumatra,Liberty,P.O. Box,32335,30.060351,-85.04477
Lamont,Jefferson,Standard,32336,30.416739,-83.8239
Lloyd,Jefferson,P.O. Box,32337,30.478502,-84.02083
Madison,Madison,Standard,32340,30.476181,-83.40303
Madison,Madison,P.O. Box,32341,30.47756,-83.391393
Midway,Gadsden,Standard,32343,30.494878,-84.46259
Monticello,Jefferson,Standard,32344,30.530854,-83.88017
Monticello,Jefferson,P.O. Box,32345,30.342161,-83.840177
Panacea,Wakulla,Standard,32346,29.983931,-84.38798
Perry,Taylor,Standard,32347,30.080602,-83.58119
Perry,Taylor,Standard,32348,29.966454,-83.659371
Pinetta,Madison,Standard,32350,30.594145,-83.32545
Quincy,Gadsden,Standard,32351,30.573563,-84.6147
Quincy,Gadsden,Standard,32352,30.665715,-84.75363
Quincy,Gadsden,P.O. Box,32353,30.549676,-84.606864
Saint Marks,Wakulla,P.O. Box,32355,30.162414,-84.20923
Salem,Taylor,P.O. Box,32356,29.900822,-83.42088
Shady Grove,Taylor,P.O. Box,32357,30.28163,-83.63082
Sopchoppy,Wakulla,Standard,32358,30.029899,-84.50595
Steinhatchee,Taylor,Standard,32359,29.673459,-83.38416
Telogia,Liberty,P.O. Box,32360,30.184365,-84.88355
Wacissa,Jefferson,P.O. Box,32361,30.357761,-83.98882
Woodville,Leon,P.O. Box,32362,30.319263,-84.267397
Tallahassee,Leon,Unique,32395,30.479347,-84.346204
Tallahassee,Leon,Unique,32399,30.420146,-84.23331
Panama City,Bay,Standard,32401,30.161901,-85.65297
Panama City,Bay,P.O. Box,32402,30.234451,-85.692035
Panama City,Bay,Standard,32403,30.068188,-85.60975
Panama City,Bay,Standard,32404,30.188585,-85.56392
Panama City,Bay,Standard,32405,30.195424,-85.66458
Panama City,Bay,P.O. Box,32406,30.234451,-85.692035
Panama City Beach,Bay,Standard,32407,30.196771,-85.81279
Panama City,Bay,Standard,32408,30.154621,-85.76367
Panama City,Bay,Standard,32409,30.330553,-85.65413
Mexico Beach,Bay,P.O. Box,32410,29.945008,-85.41461
Panama City,Bay,P.O. Box,32411,30.234451,-85.692035
Panama City,Bay,P.O. Box,32412,30.234451,-85.692035
Panama City Beach,Bay,Standard,32413,30.252616,-85.90413
Panama City,Bay,P.O. Box,32417,30.243832,-85.916988
Alford,Jackson,Standard,32420,30.641154,-85.37542
Altha,Calhoun,Standard,32421,30.5403,-85.18229
Argyle,Walton,P.O. Box,32422,30.716494,-86.03889
Bascom,Jackson,Standard,32423,30.959504,-85.05644
Blountstown,Calhoun,Standard,32424,30.42007,-85.07299
Bonifay,Holmes,Standard,32425,30.838337,-85.67495
Campbellton,Jackson,Standard,32426,30.955359,-85.38288
Caryville,Washington,Standard,32427,30.821603,-85.806
Chipley,Washington,Standard,32428,30.636228,-85.5775
Clarksville,Calhoun,Standard,32430,30.438819,-85.24381
Cottondale,Jackson,Standard,32431,30.779196,-85.39371
Cypress,Jackson,P.O. Box,32432,30.713868,-85.0779
Defuniak Springs,Walton,Standard,32433,30.747244,-86.14665
Mossy Head,Walton,P.O. Box,32434,30.762486,-86.342683
Defuniak Springs,Walton,Standard,32435,30.603777,-86.12111
Ebro,Washington,Standard,32437,30.443152,-85.88079
Fountain,Bay,Standard,32438,30.488955,-85.41673
Freeport,Walton,Standard,32439,30.482838,-86.1675
Graceville,Jackson,Standard,32440,30.935306,-85.52171
Grand Ridge,Jackson,Standard,32442,30.698517,-85.01619
Greenwood,Jackson,Standard,32443,30.860528,-85.11142
Lynn Haven,Bay,Standard,32444,30.239849,-85.64577
Malone,Jackson,Standard,32445,30.961401,-85.16919
Marianna,Jackson,Standard,32446,30.804698,-85.2206
Marianna,Jackson,P.O. Box,32447,30.759353,-85.25712
Marianna,Jackson,Standard,32448,30.675635,-85.23283
Wewahitchka,Calhoun,Standard,32449,30.283088,-85.21892
Noma,Holmes,P.O. Box,32452,30.849972,-85.768022
Ponce De Leon,Holmes,Standard,32455,30.657214,-85.96035
Port Saint Joe,Gulf,Standard,32456,29.846517,-85.32792
Port Saint Joe,Gulf,P.O. Box,32457,29.902484,-85.242169
Santa Rosa Beach,Walton,Standard,32459,30.361248,-86.18759
Sneads,Jackson,Standard,32460,30.735645,-84.94563
Inlet Beach,Walton,Standard,32461,30.252531,-85.942389
Vernon,Washington,Standard,32462,30.563809,-85.82357
Wausau,Washington,P.O. Box,32463,30.631345,-85.58981
Westville,Holmes,Standard,32464,30.892936,-85.93988
Wewahitchka,Gulf,Standard,32465,30.045471,-85.22822
Youngstown,Bay,Standard,32466,30.373845,-85.52891
Pensacola,Escambia,Standard,32501,30.420997,-87.22305
Pensacola,Escambia,Standard,32502,30.474288,-87.225691
Pensacola,Escambia,Standard,32503,30.447997,-87.20727
Pensacola,Escambia,Standard,32504,30.48787,-87.18937
Pensacola,Escambia,Standard,32505,30.441994,-87.25472
Pensacola,Escambia,Standard,32506,30.408807,-87.31919
Pensacola,Escambia,Standard,32507,30.360887,-87.33451
Pensacola,Escambia,Standard,32508,30.355477,-87.29035
Pensacola,Escambia,Unique,32509,30.464324,-87.340262
Pensacola,Escambia,Unique,32511,30.61428,-87.275772
Pensacola,Escambia,Unique,32512,30.394327,-87.299129
Pensacola,Escambia,P.O. Box,32513,30.557064,-87.259592
Pensacola,Escambia,Standard,32514,30.527195,-87.21485
Pensacola,Escambia,P.O. Box,32516,30.61428,-87.275772
Pensacola,Escambia,Unique,32520,30.412377,-87.203543
Pensacola,Escambia,Unique,32521,30.61428,-87.275772
Pensacola,Escambia,P.O. Box,32522,30.61428,-87.275772
Pensacola,Escambia,P.O. Box,32523,30.61428,-87.275772
Pensacola,Escambia,P.O. Box,32524,30.61428,-87.275772
Pensacola,Escambia,Standard,32526,30.479002,-87.31996
Bagdad,Santa Rosa,P.O. Box,32530,30.598564,-87.031496
Baker,Okaloosa,Standard,32531,30.8752,-86.68607
Cantonment,Escambia,Standard,32533,30.600993,-87.31979
Pensacola,Escambia,Standard,32534,30.526345,-87.27734
Century,Escambia,Standard,32535,30.969066,-87.30604
Crestview,Okaloosa,Standard,32536,30.760184,-86.58533
Milligan,Okaloosa,P.O. Box,32537,30.741965,-86.655208
Paxton,Walton,P.O. Box,32538,30.970853,-86.311093
Crestview,Okaloosa,Standard,32539,30.757479,-86.51088
Destin,Okaloosa,P.O. Box,32540,30.661155,-86.594479
Destin,Okaloosa,Standard,32541,30.391795,-86.4338
Eglin AFB,Okaloosa,Standard,32542,30.457156,-86.55081
Hurlburt Field,Okaloosa,Standard,32544,30.464755,-86.64643
Fort Walton Beach,Okaloosa,Standard,32547,30.447248,-86.62113
Fort Walton Beach,Okaloosa,Standard,32548,30.414932,-86.61992
Fort Walton Beach,Okaloosa,P.O. Box,32549,30.661155,-86.594479
Miramar Beach,Walton,Standard,32550,30.381934,-86.359508
Pensacola,Escambia,Unique,32559,30.356287,-87.277307
Gonzalez,Escambia,P.O. Box,32560,30.581825,-87.292918
Gulf Breeze,Santa Rosa,Standard,32561,30.375469,-87.09013
Gulf Breeze,Santa Rosa,P.O. Box,32562,30.659159,-87.04972
Gulf Breeze,Santa Rosa,Standard,32563,30.659159,-87.04972
Holt,Okaloosa,Standard,32564,30.717437,-86.77075
Jay,Santa Rosa,Standard,32565,30.902015,-87.13267
Navarre,Santa Rosa,Standard,32566,30.435069,-86.89025
Laurel Hill,Okaloosa,Standard,32567,30.945123,-86.43749
Mc David,Escambia,Standard,32568,30.878449,-87.47861
Mary Esther,Okaloosa,Standard,32569,30.409902,-86.71497
Milton,Santa Rosa,Standard,32570,30.70969,-87.01098
Milton,Santa Rosa,Standard,32571,30.627637,-87.16724
Milton,Santa Rosa,P.O. Box,32572,30.659159,-87.04972
Molino,Escambia,Standard,32577,30.743945,-87.34872
Niceville,Okaloosa,Standard,32578,30.500901,-86.45335
Shalimar,Okaloosa,Standard,32579,30.444975,-86.57331
Valparaiso,Okaloosa,Standard,32580,30.507047,-86.49702
Milton,Santa Rosa,Standard,32583,30.58149,-87.00178
Niceville,Okaloosa,P.O. Box,32588,30.661155,-86.594479
Pensacola,Escambia,P.O. Box,32591,30.61428,-87.275772
Gainesville,Alachua,Standard,32601,29.653195,-82.3244
Gainesville,Alachua,P.O. Box,32602,29.629887,-82.396567
Gainesville,Alachua,Standard,32603,29.653145,-82.3469
Gainesville,Alachua,P.O. Box,32604,29.573293,-82.397904
Gainesville,Alachua,Standard,32605,29.676006,-82.36889
Gainesville,Alachua,Standard,32606,29.681426,-82.41502
Gainesville,Alachua,Standard,32607,29.646189,-82.39658
Gainesville,Alachua,Standard,32608,29.611545,-82.3941
Gainesville,Alachua,Standard,32609,29.713911,-82.29591
Gainesville,Alachua,Unique,32610,29.681312,-82.353862
Gainesville,Alachua,Unique,32611,29.681312,-82.353862
Gainesville,Alachua,Unique,32612,29.681312,-82.353862
Gainesville,Alachua,P.O. Box,32614,29.681312,-82.353862
Alachua,Alachua,Standard,32615,29.801949,-82.48872
Alachua,Alachua,P.O. Box,32616,29.790674,-82.49351
Anthony,Marion,Standard,32617,29.315961,-82.10092
Archer,Alachua,Standard,32618,29.517277,-82.54518
Bell,Gilchrist,Standard,32619,29.764553,-82.87062
Bronson,Levy,Standard,32621,29.447069,-82.60452
Brooker,Bradford,Standard,32622,29.896156,-82.30358
Cedar Key,Levy,Standard,32625,29.178171,-83.02243
Chiefland,Levy,Standard,32626,29.453178,-82.86837
Gainesville,Alachua,P.O. Box,32627,29.681312,-82.353862
Cross City,Dixie,Standard,32628,29.630964,-83.1148
Earleton,Alachua,Standard,32631,29.730413,-82.097095
Evinston,Alachua,P.O. Box,32633,29.681312,-82.353862
Fairfield,Marion,P.O. Box,32634,29.35089,-82.27648
Gainesville,Alachua,P.O. Box,32635,29.681312,-82.353862
Gulf Hammock,Levy,P.O. Box,32639,29.231843,-82.72965
Hawthorne,Alachua,Standard,32640,29.601599,-82.0309
Gainesville,Alachua,Standard,32641,29.648594,-82.28621
High Springs,Alachua,Standard,32643,29.823616,-82.60407
Chiefland,Levy,P.O. Box,32644,29.460221,-82.855334
Horseshoe Beach,Dixie,Standard,32648,29.458513,-83.27604
Gainesville,Alachua,Standard,32653,29.735832,-82.39008
Island Grove,Alachua,P.O. Box,32654,29.459973,-82.10819
High Springs,Alachua,P.O. Box,32655,29.817457,-82.60064
Keystone Heights,Clay,Standard,32656,29.788679,-82.00421
La Crosse,Alachua,P.O. Box,32658,29.845122,-82.39845
Lochloosa,Alachua,P.O. Box,32662,29.514298,-82.09829
Lowell,Marion,P.O. Box,32663,29.342404,-82.212649
Mc Intosh,Marion,P.O. Box,32664,29.450353,-82.22069
Melrose,Putnam,Standard,32666,29.733375,-82.01048
Micanopy,Alachua,Standard,32667,29.502067,-82.27775
Morriston,Levy,Standard,32668,29.282158,-82.51776
Newberry,Alachua,Standard,32669,29.640613,-82.59446
Old Town,Dixie,Standard,32680,29.643244,-82.99026
Orange Lake,Marion,P.O. Box,32681,29.425291,-82.2158
Otter Creek,Levy,P.O. Box,32683,29.319173,-82.77965
Reddick,Marion,Standard,32686,29.364039,-82.23483
Suwannee,Dixie,P.O. Box,32692,29.330426,-83.14401
Trenton,Gilchrist,Standard,32693,29.598935,-82.82752
Waldo,Alachua,Standard,32694,29.789597,-82.1621
Williston,Levy,Standard,32696,29.369207,-82.49831
Worthington Springs,Union,P.O. Box,32697,29.931204,-82.42643
Altamonte Springs,Seminole,Standard,32701,28.666249,-81.36796
Altoona,Lake,Standard,32702,29.046215,-81.64043
Apopka,Orange,Standard,32703,28.658395,-81.50319
Apopka,Orange,P.O. Box,32704,28.566338,-81.260818
Cassadaga,Volusia,P.O. Box,32706,28.965591,-81.23654
Casselberry,Seminole,Standard,32707,28.665125,-81.31772
Winter Springs,Seminole,Standard,32708,28.683408,-81.28151
Christmas,Orange,Standard,32709,28.513011,-80.99418
Clarcona,Orange,P.O. Box,32710,28.566338,-81.260818
Apopka,Orange,Standard,32712,28.713173,-81.52359
Debary,Volusia,Standard,32713,28.888595,-81.31212
Altamonte Springs,Seminole,Standard,32714,28.663913,-81.41112
Altamonte Springs,Seminole,P.O. Box,32715,28.744752,-81.22328
Altamonte Springs,Seminole,P.O. Box,32716,28.744752,-81.22328
Casselberry,Seminole,P.O. Box,32718,28.744752,-81.22328
Winter Springs,Seminole,P.O. Box,32719,28.744752,-81.22328
Deland,Volusia,Standard,32720,29.021782,-81.33352
Deland,Volusia,P.O. Box,32721,28.997288,-81.299521
Glenwood,Volusia,P.O. Box,32722,29.022729,-81.172169
Deland,Volusia,Unique,32723,29.03,-81.3
Deland,Volusia,Standard,32724,29.039757,-81.27927
Deltona,Volusia,Standard,32725,28.902426,-81.24515
Eustis,Lake,Standard,32726,28.850617,-81.68034
Eustis,Lake,P.O. Box,32727,28.855517,-81.674147
Deltona,Volusia,P.O. Box,32728,29.022729,-81.172169
Casselberry,Seminole,Standard,32730,28.653875,-81.34387
Geneva,Seminole,Standard,32732,28.746588,-81.10985
Goldenrod,Seminole,P.O. Box,32733,28.613308,-81.258108
Grand Island,Lake,Standard,32735,28.893559,-81.74343
Eustis,Lake,Standard,32736,28.895482,-81.5228
Deltona,Volusia,Standard,32738,28.910383,-81.18764
Deltona,Volusia,P.O. Box,32739,29.022729,-81.172169
Lake Helen,Volusia,Standard,32744,28.985274,-81.23495
Mid Florida,Seminole,P.O. Box,32745,28.77368,-81.390498
Lake Mary,Seminole,Standard,32746,28.758133,-81.33992
Lake Monroe,Seminole,P.O. Box,32747,28.827219,-81.332888
Longwood,Seminole,Standard,32750,28.703674,-81.35384
Maitland,Orange,Standard,32751,28.628359,-81.35942
Longwood,Seminole,P.O. Box,32752,28.744752,-81.22328
Debary,Volusia,P.O. Box,32753,28.88,-81.31
Mims,Brevard,Standard,32754,28.707648,-80.89049
Mount Dora,Lake,P.O. Box,32756,28.811078,-81.653642
Mount Dora,Lake,Standard,32757,28.786272,-81.64475
Oak Hill,Volusia,Standard,32759,28.868986,-80.85374
Oviedo,Seminole,P.O. Box,32762,28.744752,-81.22328
Orange City,Volusia,Standard,32763,28.945857,-81.30512
Osteen,Volusia,Standard,32764,28.834172,-81.0948
Oviedo,Seminole,Standard,32765,28.656375,-81.21026
Oviedo,Seminole,Standard,32766,28.639275,-81.11906
Paisley,Lake,Standard,32767,29.008612,-81.50174
Plymouth,Orange,P.O. Box,32768,28.698542,-81.569764
Sanford,Seminole,Standard,32771,28.803979,-81.28761
Sanford,Seminole,P.O. Box,32772,28.80722,-81.250236
Sanford,Seminole,Standard,32773,28.769173,-81.27631
Orange City,Volusia,P.O. Box,32774,29.022729,-81.172169
Scottsmoor,Brevard,P.O. Box,32775,28.76507,-80.87315
Sorrento,Lake,Standard,32776,28.804039,-81.53689
Tangerine,Orange,P.O. Box,32777,28.566338,-81.260818
Tavares,Lake,Standard,32778,28.799017,-81.73184
Longwood,Seminole,Standard,32779,28.704874,-81.41711
Titusville,Brevard,Standard,32780,28.564077,-80.81695
Titusville,Brevard,P.O. Box,32781,28.306726,-80.686159
Titusville,Brevard,P.O. Box,32783,28.306726,-80.686159
Umatilla,Lake,Standard,32784,28.948549,-81.70621
Winter Park,Orange,Standard,32789,28.598677,-81.35594
Winter Park,Orange,P.O. Box,32790,28.566338,-81.260818
Longwood,Seminole,P.O. Box,32791,28.744752,-81.22328
Winter Park,Orange,Standard,32792,28.607077,-81.30606
Winter Park,Orange,P.O. Box,32793,28.566338,-81.260818
Maitland,Orange,P.O. Box,32794,28.566338,-81.260818
Lake Mary,Seminole,P.O. Box,32795,28.744752,-81.22328
Titusville,Brevard,Standard,32796,28.623371,-80.84123
Zellwood,Orange,Standard,32798,28.716923,-81.5754
Mid Florida,Seminole,P.O. Box,32799,28.744752,-81.22328
Orlando,Orange,Standard,32801,28.541879,-81.37446
Orlando,Orange,P.O. Box,32802,28.519024,-81.343903
Orlando,Orange,Standard,32803,28.557579,-81.35244
Orlando,Orange,Standard,32804,28.577723,-81.3931
Orlando,Orange,Standard,32805,28.53028,-81.40089
Orlando,Orange,Standard,32806,28.51483,-81.36054
Orlando,Orange,Standard,32807,28.546897,-81.30774
Orlando,Orange,Standard,32808,28.576028,-81.44369
Orlando,Orange,Standard,32809,28.463482,-81.38814
Orlando,Orange,Standard,32810,28.619445,-81.42695
Orlando,Orange,Standard,32811,28.52493,-81.43994
Orlando,Orange,Standard,32812,28.493531,-81.32609
Orlando,Orange,Standard,32814,28.566338,-81.260818
Orlando,Brevard,P.O. Box,32815,28.306726,-80.686159
Orlando,Orange,Unique,32816,28.566338,-81.260818
Orlando,Orange,Standard,32817,28.591692,-81.24717
Orlando,Orange,Standard,32818,28.583103,-81.48608
Orlando,Orange,Standard,32819,28.463509,-81.47514
Orlando,Orange,Standard,32820,28.561242,-81.10735
Orlando,Orange,Standard,32821,28.391608,-81.47345
Orlando,Orange,Standard,32822,28.494931,-81.28949
Orlando,Orange,Standard,32824,28.410872,-81.35898
Orlando,Orange,Standard,32825,28.543248,-81.2456
Orlando,Orange,Standard,32826,28.584177,-81.18634
Orlando,Orange,Standard,32827,28.425221,-81.30353
Orlando,Orange,Standard,32828,28.542132,-81.18404
Orlando,Orange,Standard,32829,28.491653,-81.26436
Orlando,Orange,P.O. Box,32830,28.385549,-81.505894
Orlando,Orange,Standard,32831,28.458149,-81.13666
Orlando,Orange,Standard,32832,28.395979,-81.17653
Orlando,Orange,Standard,32833,28.511879,-81.09078
Orlando,Orange,Standard,32834,28.566338,-81.260818
Orlando,Orange,Standard,32835,28.528789,-81.47863
Orlando,Orange,Standard,32836,28.401151,-81.52488
Orlando,Orange,Standard,32837,28.385906,-81.41182
Orlando,Orange,Standard,32839,28.489758,-81.40625
Orlando,Orange,P.O. Box,32853,28.566338,-81.260818
Orlando,Orange,P.O. Box,32854,28.566338,-81.260818
Orlando,Orange,P.O. Box,32855,28.550028,-81.104185
Orlando,Orange,P.O. Box,32856,28.548379,-81.420092
Orlando,Orange,P.O. Box,32857,28.566338,-81.260818
Orlando,Orange,P.O. Box,32858,28.566338,-81.260818
Orlando,Orange,P.O. Box,32859,28.442926,-81.402613
Orlando,Orange,P.O. Box,32860,28.566338,-81.260818
Orlando,Orange,P.O. Box,32861,28.566338,-81.260818
Orlando,Orange,P.O. Box,32862,28.417368,-81.332763
Orlando,Orange,P.O. Box,32867,28.566338,-81.260818
Orlando,Orange,P.O. Box,32868,28.566338,-81.260818
Orlando,Orange,P.O. Box,32869,28.566338,-81.260818
Orlando,Orange,P.O. Box,32872,28.566338,-81.260818
Orlando,Orange,P.O. Box,32877,28.566338,-81.260818
Orlando,Orange,P.O. Box,32878,28.566338,-81.260818
Orlando,Orange,Unique,32885,28.54,-81.38
Orlando,Orange,Unique,32886,28.566338,-81.260818
Orlando,Orange,Unique,32887,28.566338,-81.260818
Orlando,Orange,Unique,32891,28.566338,-81.260818
Orlando,Orange,Unique,32896,28.32,-81.23
Orlando,Orange,Unique,32897,28.566338,-81.260818
Orlando,Brevard,Unique,32899,28.306726,-80.686159
Melbourne,Brevard,Standard,32901,28.077494,-80.61987
Melbourne,Brevard,P.O. Box,32902,28.306726,-80.686159
Indialantic,Brevard,Standard,32903,28.103191,-80.57414
Melbourne,Brevard,Standard,32904,28.073891,-80.67167
Palm Bay,Brevard,Standard,32905,28.031689,-80.60014
Palm Bay,Brevard,P.O. Box,32906,28.067128,-80.650341
Palm Bay,Brevard,Standard,32907,28.012241,-80.67729
Palm Bay,Brevard,Standard,32908,27.958982,-80.68591
Palm Bay,Brevard,Standard,32909,27.950975,-80.64679
Palm Bay,Brevard,P.O. Box,32910,28.306726,-80.686159
Palm Bay,Brevard,P.O. Box,32911,28.306726,-80.686159
Melbourne,Brevard,P.O. Box,32912,28.306726,-80.686159
Melbourne,Brevard,Unique,32919,28.306726,-80.686159
Cape Canaveral,Brevard,Standard,32920,28.390932,-80.60501
Cocoa,Brevard,Standard,32922,28.366284,-80.74196
Cocoa,Brevard,P.O. Box,32923,28.427535,-80.828991
Cocoa,Brevard,P.O. Box,32924,28.306726,-80.686159
Patrick AFB,Brevard,Standard,32925,28.235092,-80.60159
Cocoa,Brevard,Standard,32926,28.392933,-80.79585
Cocoa,Brevard,Standard,32927,28.47123,-80.79887
Cocoa Beach,Brevard,Standard,32931,28.326985,-80.61119
Cocoa Beach,Brevard,P.O. Box,32932,28.306726,-80.686159
Melbourne,Brevard,Standard,32934,28.137443,-80.69211
Melbourne,Brevard,Standard,32935,28.13926,-80.65077
Melbourne,Brevard,P.O. Box,32936,28.306726,-80.686159
Satellite Beach,Brevard,Standard,32937,28.172041,-80.59957
Melbourne,Brevard,Standard,32940,28.21981,-80.69402
Melbourne,Brevard,P.O. Box,32941,27.924577,-80.523463
Fellsmere,Indian River,Standard,32948,27.762118,-80.59472
Grant,Brevard,Standard,32949,27.929103,-80.52879
Malabar,Brevard,Standard,32950,27.974173,-80.56986
Melbourne Beach,Brevard,Standard,32951,28.01514,-80.53518
Merritt Island,Brevard,Standard,32952,28.350373,-80.6691
Merritt Island,Brevard,Standard,32953,28.396301,-80.70198
Merritt Island,Brevard,P.O. Box,32954,28.22571,-80.673356
Rockledge,Brevard,Standard,32955,28.308581,-80.72558
Rockledge,Brevard,P.O. Box,32956,28.329785,-80.732327
Roseland,Indian River,P.O. Box,32957,27.709049,-80.572557
Sebastian,Indian River,Standard,32958,27.78783,-80.48266
Sharpes,Brevard,P.O. Box,32959,28.306726,-80.686159
Vero Beach,Indian River,Standard,32960,27.636828,-80.40294
Vero Beach,Indian River,P.O. Box,32961,27.617473,-80.423083
Vero Beach,Indian River,Standard,32962,27.582151,-80.39141
Vero Beach,Indian River,Standard,32963,27.676376,-80.37248
Vero Beach,Indian River,P.O. Box,32964,27.709049,-80.572557
Vero Beach,Indian River,P.O. Box,32965,27.709049,-80.572557
Vero Beach,Indian River,Standard,32966,27.645377,-80.51468
Vero Beach,Indian River,Standard,32967,27.724801,-80.49708
Vero Beach,Indian River,Standard,32968,27.594718,-80.45722
Vero Beach,Indian River,P.O. Box,32969,27.709049,-80.572557
Wabasso,Indian River,P.O. Box,32970,27.750176,-80.45364
Winter Beach,Indian River,P.O. Box,32971,27.709049,-80.572557
Sebastian,Brevard,Standard,32976,27.877504,-80.51457
Sebastian,Indian River,P.O. Box,32978,27.709049,-80.572557
Long Key,Monroe,P.O. Box,33001,24.841814,-80.79405
Hialeah,Miami-Dade,P.O. Box,33002,25.558428,-80.458168
Dania,Broward,Standard,33004,26.051916,-80.14526
Hallandale,Broward,P.O. Box,33008,26.145724,-80.448254
Hallandale,Broward,Standard,33009,25.987069,-80.15004
Hialeah,Miami-Dade,Standard,33010,25.832374,-80.27874
Hialeah,Miami-Dade,P.O. Box,33011,25.558428,-80.458168
Hialeah,Miami-Dade,Standard,33012,25.864773,-80.30069
Hialeah,Miami-Dade,Standard,33013,25.860373,-80.27174
Hialeah,Miami-Dade,Standard,33014,25.902172,-80.30732
Hialeah,Miami-Dade,Standard,33015,25.938687,-80.3182
Hialeah,Miami-Dade,Standard,33016,25.887983,-80.33284
Hialeah,Miami-Dade,P.O. Box,33017,25.558428,-80.458168
Hialeah,Miami-Dade,Standard,33018,25.895557,-80.35509
Hollywood,Broward,Standard,33019,26.018967,-80.12231
Hollywood,Broward,Standard,33020,26.016984,-80.14925
Hollywood,Broward,Standard,33021,26.023634,-80.18922
Hollywood,Broward,P.O. Box,33022,26.013368,-80.144217
Hollywood,Broward,Standard,33023,25.989119,-80.21318
Hollywood,Broward,Standard,33024,26.023567,-80.23851
Hollywood,Broward,Standard,33025,25.990494,-80.27326
Pembroke Pines,Broward,Standard,33026,26.0267,-80.29443
Hollywood,Broward,Standard,33027,25.981409,-80.34491
Pembroke Pines,Broward,Standard,33028,26.018418,-80.34798
Hollywood,Broward,Standard,33029,26.006373,-80.40212
Homestead,Miami-Dade,Standard,33030,25.479438,-80.48687
Homestead,Miami-Dade,Standard,33031,25.526214,-80.49632
Homestead,Miami-Dade,Standard,33032,25.524528,-80.40521
Homestead,Miami-Dade,Standard,33033,25.487988,-80.42692
Homestead,Miami-Dade,Standard,33034,25.431506,-80.51382
Homestead,Miami-Dade,Standard,33035,25.457913,-80.44781
Islamorada,Monroe,Standard,33036,24.91828,-80.63676
Key Largo,Monroe,Standard,33037,25.137661,-80.40735
Homestead,Miami-Dade,Unique,33039,25.558428,-80.458168
Key West,Monroe,Standard,33040,24.567593,-81.7566
Key West,Monroe,P.O. Box,33041,25.100957,-81.568862
Summerland Key,Monroe,Standard,33042,24.663121,-81.48694
Big Pine Key,Monroe,Standard,33043,24.675731,-81.34359
Key West,Monroe,P.O. Box,33045,25.100957,-81.568862
Marathon,Monroe,Standard,33050,24.731758,-81.0278
Key Colony Beach,Monroe,P.O. Box,33051,24.72339,-81.020281
Marathon Shores,Monroe,P.O. Box,33052,24.723283,-81.063249
Opa Locka,Miami-Dade,Standard,33054,25.909039,-80.24945
Opa Locka,Miami-Dade,Standard,33055,25.94422,-80.2773
Miami Gardens,Miami-Dade,Standard,33056,25.946754,-80.24962
Pompano Beach,Broward,Standard,33060,26.232009,-80.12211
Pompano Beach,Broward,P.O. Box,33061,26.253909,-80.134216
Pompano Beach,Broward,Standard,33062,26.236792,-80.09594
Pompano Beach,Broward,Standard,33063,26.251909,-80.21016
Pompano Beach,Broward,Standard,33064,26.279108,-80.11319
Coral Springs,Broward,Standard,33065,26.272608,-80.25589
Pompano Beach,Broward,Standard,33066,26.253238,-80.17799
Pompano Beach,Broward,Standard,33067,26.3007,-80.22727
Pompano Beach,Broward,Standard,33068,26.21606,-80.21776
Pompano Beach,Broward,Standard,33069,26.22876,-80.15816
Tavernier,Monroe,Standard,33070,25.006349,-80.53139
Coral Springs,Broward,Standard,33071,26.242559,-80.26564
Pompano Beach,Broward,P.O. Box,33072,26.233459,-80.092365
Pompano Beach,Broward,Standard,33073,26.305433,-80.18287
Pompano Beach,Broward,P.O. Box,33074,26.145724,-80.448254
Coral Springs,Broward,P.O. Box,33075,26.145724,-80.448254
Pompano Beach,Broward,Standard,33076,26.30116,-80.2731
Pompano Beach,Broward,P.O. Box,33077,26.145724,-80.448254
Hollywood,Broward,P.O. Box,33081,26.145724,-80.448254
Pembroke Pines,Broward,P.O. Box,33082,26.145724,-80.448254
Hollywood,Broward,P.O. Box,33083,26.145724,-80.448254
Hollywood,Broward,P.O. Box,33084,26.289057,-80.129816
Homestead,Miami-Dade,P.O. Box,33090,25.558428,-80.458168
Homestead,Miami-Dade,P.O. Box,33092,25.558428,-80.458168
Margate,Broward,P.O. Box,33093,26.145724,-80.448254
Coconut Creek,Broward,P.O. Box,33097,26.145724,-80.448254
Miami,Miami-Dade,P.O. Box,33101,25.779076,-80.19782
Miami,Miami-Dade,P.O. Box,33102,25.558428,-80.458168
Miami,Miami-Dade,Unique,33106,25.84,-80.22
Miami Beach,Miami-Dade,Standard,33109,25.759474,-80.13907
Miami,Miami-Dade,P.O. Box,33111,25.558428,-80.458168
Miami,Miami-Dade,Unique,33112,25.79,-80.38
Coral Gables,Miami-Dade,P.O. Box,33114,25.558428,-80.458168
Miami,Miami-Dade,P.O. Box,33116,25.558428,-80.458168
Miami Beach,Miami-Dade,P.O. Box,33119,25.784526,-80.131967
Miami,Miami-Dade,Standard,33122,25.799962,-80.31775
Miami,Miami-Dade,P.O. Box,33124,25.558428,-80.458168
Miami,Miami-Dade,Standard,33125,25.782176,-80.23607
Miami,Miami-Dade,Standard,33126,25.777977,-80.29718
Miami,Miami-Dade,Standard,33127,25.813808,-80.2058
Miami,Miami-Dade,Standard,33128,25.777143,-80.20225
Miami,Miami-Dade,Standard,33129,25.757227,-80.20656
Miami,Miami-Dade,Standard,33130,25.768277,-80.20339
Miami,Miami-Dade,Standard,33131,25.767368,-80.1893
Miami,Miami-Dade,Standard,33132,25.784326,-80.18753
Miami,Miami-Dade,Standard,33133,25.730678,-80.2441
Miami,Miami-Dade,Standard,33134,25.753927,-80.27034
Miami,Miami-Dade,Standard,33135,25.766577,-80.23576
Miami,Miami-Dade,Standard,33136,25.786326,-80.2029
Miami,Miami-Dade,Standard,33137,25.817325,-80.19046
Miami,Miami-Dade,Standard,33138,25.853184,-80.18622
Miami Beach,Miami-Dade,Standard,33139,25.784276,-80.14126
Miami Beach,Miami-Dade,Standard,33140,25.814225,-80.13085
Miami Beach,Miami-Dade,Standard,33141,25.858573,-80.12973
Miami,Miami-Dade,Standard,33142,25.812625,-80.2369
Miami,Miami-Dade,Standard,33143,25.702929,-80.29642
Miami,Miami-Dade,Standard,33144,25.76226,-80.30839
Miami,Miami-Dade,Standard,33145,25.753177,-80.23327
Miami,Miami-Dade,Standard,33146,25.720728,-80.27255
Miami,Miami-Dade,Standard,33147,25.850124,-80.23773
Key Biscayne,Miami-Dade,Standard,33149,25.700966,-80.16195
Miami,Miami-Dade,Standard,33150,25.851974,-80.20566
Miami,Miami-Dade,P.O. Box,33151,25.832074,-80.20942
Miami,Miami-Dade,P.O. Box,33152,25.795476,-80.312873
Miami,Miami-Dade,P.O. Box,33153,25.865523,-80.193619
Miami Beach,Miami-Dade,Standard,33154,25.881391,-80.1276
Miami,Miami-Dade,Standard,33155,25.739011,-80.30685
Miami,Miami-Dade,Standard,33156,25.66558,-80.30688
Miami,Miami-Dade,Standard,33157,25.606583,-80.34859
Miami,Miami-Dade,Standard,33158,25.637132,-80.31641
North Miami Beach,Miami-Dade,Standard,33160,25.941535,-80.13861
Miami,Miami-Dade,Standard,33161,25.893372,-80.18164
Miami,Miami-Dade,Standard,33162,25.929571,-80.17839
Miami,Miami-Dade,P.O. Box,33163,25.94497,-80.21452
Miami,Miami-Dade,P.O. Box,33164,25.558428,-80.458168
Miami,Miami-Dade,Standard,33165,25.734828,-80.3583
Miami,Miami-Dade,Standard,33166,25.824725,-80.30476
Miami,Miami-Dade,Standard,33167,25.885739,-80.23264
Miami,Miami-Dade,Standard,33168,25.892185,-80.21032
Miami,Miami-Dade,Standard,33169,25.94267,-80.21276
Miami,Miami-Dade,Standard,33170,25.559785,-80.41664
Miami,Miami-Dade,Standard,33172,25.786634,-80.36151
Miami,Miami-Dade,Standard,33173,25.702429,-80.36184
Miami,Miami-Dade,Standard,33174,25.763044,-80.35919
Miami,Miami-Dade,Standard,33175,25.733204,-80.41197
Miami,Miami-Dade,Standard,33176,25.653431,-80.35999
Miami,Miami-Dade,Standard,33177,25.595983,-80.40234
Miami,Miami-Dade,Standard,33178,25.837696,-80.36947
Miami,Miami-Dade,Standard,33179,25.95872,-80.17941
Miami,Miami-Dade,Standard,33180,25.962069,-80.14465
Miami,Miami-Dade,Standard,33181,25.897372,-80.16048
Miami,Miami-Dade,Standard,33182,25.781127,-80.40467
Miami,Miami-Dade,Standard,33183,25.699968,-80.40811
Miami,Miami-Dade,Standard,33184,25.759184,-80.40773
Miami,Miami-Dade,Standard,33185,25.723173,-80.43995
Miami,Miami-Dade,Standard,33186,25.662292,-80.40947
Miami,Miami-Dade,Standard,33187,25.596234,-80.4765
Miami,Miami-Dade,Unique,33188,25.558428,-80.458168
Miami,Miami-Dade,Standard,33189,25.574834,-80.3467
Miami,Miami-Dade,Standard,33190,25.56071,-80.3494
Miami,Miami-Dade,Standard,33191,NA,NA
Miami,Miami-Dade,Standard,33192,25.558428,-80.458168
Miami,Miami-Dade,Standard,33193,25.70028,-80.44721
Miami,Miami-Dade,Standard,33194,25.745549,-80.4651
Miami,Miami-Dade,Standard,33195,25.772876,-80.187019
Miami,Miami-Dade,Standard,33196,25.650232,-80.45925
Miami,Miami-Dade,P.O. Box,33197,25.558428,-80.458168
Miami,Miami-Dade,Standard,33198,NA,NA
Miami,Miami-Dade,Unique,33199,25.558428,-80.458168
Miami,Miami-Dade,Unique,33206,25.72,-80.26
Miami,Miami-Dade,P.O. Box,33222,25.93,-80.23
Miami,Miami-Dade,P.O. Box,33231,25.558428,-80.458168
Miami,Miami-Dade,P.O. Box,33233,25.558428,-80.458168
Miami,Miami-Dade,P.O. Box,33234,25.558428,-80.458168
Miami,Miami-Dade,P.O. Box,33238,25.558428,-80.458168
Miami Beach,Miami-Dade,P.O. Box,33239,25.558428,-80.458168
Miami,Miami-Dade,P.O. Box,33242,25.558428,-80.458168
Miami,Miami-Dade,P.O. Box,33243,25.558428,-80.458168
Miami,Miami-Dade,P.O. Box,33245,25.558428,-80.458168
Miami,Miami-Dade,P.O. Box,33247,25.558428,-80.458168
Miami,Miami-Dade,P.O. Box,33255,25.558428,-80.458168
Miami,Miami-Dade,P.O. Box,33256,25.558428,-80.458168
Miami,Miami-Dade,P.O. Box,33257,25.558428,-80.458168
Miami,Miami-Dade,P.O. Box,33261,25.558428,-80.458168
Miami,Miami-Dade,P.O. Box,33265,25.558428,-80.458168
Miami,Miami-Dade,P.O. Box,33266,25.558428,-80.458168
Miami,Miami-Dade,P.O. Box,33269,25.558428,-80.458168
Miami,Miami-Dade,P.O. Box,33280,25.558428,-80.458168
Miami,Miami-Dade,P.O. Box,33283,25.558428,-80.458168
Miami,Miami-Dade,P.O. Box,33296,25.558428,-80.458168
Miami,Miami-Dade,P.O. Box,33299,25.558428,-80.458168
Fort Lauderdale,Broward,Standard,33301,26.121114,-80.13187
Fort Lauderdale,Broward,P.O. Box,33302,26.145724,-80.448254
Fort Lauderdale,Broward,P.O. Box,33303,26.196911,-80.095165
Fort Lauderdale,Broward,Standard,33304,26.137693,-80.12646
Fort Lauderdale,Broward,Standard,33305,26.153728,-80.12606
Fort Lauderdale,Broward,Standard,33306,26.165212,-80.11379
Fort Lauderdale,Broward,P.O. Box,33307,26.145724,-80.448254
Fort Lauderdale,Broward,Standard,33308,26.191111,-80.10846
Fort Lauderdale,Broward,Standard,33309,26.185461,-80.17218
Fort Lauderdale,Broward,P.O. Box,33310,26.144263,-80.206919
Fort Lauderdale,Broward,Standard,33311,26.13883,-80.16865
Fort Lauderdale,Broward,Standard,33312,26.094665,-80.17987
Fort Lauderdale,Broward,Standard,33313,26.148613,-80.22446
Fort Lauderdale,Broward,Standard,33314,26.067966,-80.22016
Fort Lauderdale,Broward,Standard,33315,26.094385,-80.15422
Fort Lauderdale,Broward,Standard,33316,26.101114,-80.12931
Fort Lauderdale,Broward,Standard,33317,26.113664,-80.22376
Fort Lauderdale,Broward,P.O. Box,33318,26.11842,-80.251988
Fort Lauderdale,Broward,Standard,33319,26.183628,-80.22122
Fort Lauderdale,Broward,P.O. Box,33320,26.162462,-80.25822
Fort Lauderdale,Broward,Standard,33321,26.211122,-80.2631
Fort Lauderdale,Broward,Standard,33322,26.150863,-80.27284
Fort Lauderdale,Broward,Standard,33323,26.156854,-80.31408
Fort Lauderdale,Broward,Standard,33324,26.110631,-80.27469
Fort Lauderdale,Broward,Standard,33325,26.112924,-80.32097
Fort Lauderdale,Broward,Standard,33326,26.112366,-80.37697
Fort Lauderdale,Broward,Standard,33327,26.120134,-80.41441
Fort Lauderdale,Broward,Standard,33328,26.062016,-80.27202
Fort Lauderdale,Broward,P.O. Box,33329,26.145724,-80.448254
Fort Lauderdale,Broward,Standard,33330,26.05479,-80.31581
Fort Lauderdale,Broward,Standard,33331,26.056111,-80.36373
Fort Lauderdale,Broward,Standard,33332,26.049367,-80.40885
Fort Lauderdale,Broward,Standard,33334,26.182161,-80.13341
Fort Lauderdale,Broward,P.O. Box,33335,26.089215,-80.335973
Fort Lauderdale,Broward,Unique,33336,26.14,-80.13
Fort Lauderdale,Broward,Unique,33337,26.129013,-80.260071
Fort Lauderdale,Broward,P.O. Box,33338,26.145724,-80.448254
Fort Lauderdale,Broward,P.O. Box,33339,26.145724,-80.448254
Fort Lauderdale,Broward,P.O. Box,33340,26.145724,-80.448254
Fort Lauderdale,Broward,P.O. Box,33345,26.165424,-80.29589
Fort Lauderdale,Broward,P.O. Box,33346,26.145724,-80.448254
Fort Lauderdale,Broward,P.O. Box,33348,26.145724,-80.448254
Fort Lauderdale,Broward,P.O. Box,33349,26.145724,-80.448254
Fort Lauderdale,Broward,Standard,33351,26.179495,-80.27183
Fort Lauderdale,Broward,P.O. Box,33355,26.145724,-80.448254
Fort Lauderdale,Broward,P.O. Box,33359,26.145724,-80.448254
Plantation,Broward,Standard,33388,26.120714,-80.25326
Fort Lauderdale,Broward,Standard,33394,26.121364,-80.13916
West Palm Beach,Palm Beach,Standard,33401,26.711192,-80.06043
West Palm Beach,Palm Beach,P.O. Box,33402,26.645895,-80.430269
West Palm Beach,Palm Beach,Standard,33403,26.802139,-80.07032
West Palm Beach,Palm Beach,Standard,33404,26.782114,-80.06528
West Palm Beach,Palm Beach,Standard,33405,26.669744,-80.0585
West Palm Beach,Palm Beach,Standard,33406,26.659294,-80.09118
West Palm Beach,Palm Beach,Standard,33407,26.750991,-80.07296
North Palm Beach,Palm Beach,Standard,33408,26.840684,-80.06312
West Palm Beach,Palm Beach,Standard,33409,26.709575,-80.09443
Palm Beach Gardens,Palm Beach,Standard,33410,26.839588,-80.08824
West Palm Beach,Palm Beach,Standard,33411,26.719596,-80.22077
West Palm Beach,Palm Beach,Standard,33412,26.795367,-80.24044
West Palm Beach,Palm Beach,Standard,33413,26.668944,-80.14721
Wellington,Palm Beach,Standard,33414,26.65671,-80.25377
West Palm Beach,Palm Beach,Standard,33415,26.659344,-80.12704
West Palm Beach,Palm Beach,P.O. Box,33416,26.665394,-80.092864
West Palm Beach,Palm Beach,Standard,33417,26.715596,-80.1262
Palm Beach Gardens,Palm Beach,Standard,33418,26.877984,-80.16052
West Palm Beach,Palm Beach,P.O. Box,33419,26.645895,-80.430269
West Palm Beach,Palm Beach,P.O. Box,33420,26.645895,-80.430269
Royal Palm Beach,Palm Beach,P.O. Box,33421,26.645895,-80.430269
West Palm Beach,Palm Beach,P.O. Box,33422,26.645895,-80.430269
Boynton Beach,Palm Beach,P.O. Box,33424,26.645895,-80.430269
Boynton Beach,Palm Beach,P.O. Box,33425,26.645895,-80.430269
Boynton Beach,Palm Beach,Standard,33426,26.529581,-80.08226
Boca Raton,Palm Beach,P.O. Box,33427,26.375954,-80.10717
Boca Raton,Palm Beach,Standard,33428,26.348354,-80.21841
Boca Raton,Palm Beach,P.O. Box,33429,26.645895,-80.430269
Belle Glade,Palm Beach,Standard,33430,26.685125,-80.66279
Boca Raton,Palm Beach,Standard,33431,26.381304,-80.09623
Boca Raton,Palm Beach,Standard,33432,26.347305,-80.08552
Boca Raton,Palm Beach,Standard,33433,26.347711,-80.15648
Boca Raton,Palm Beach,Standard,33434,26.382408,-80.16699
Boynton Beach,Palm Beach,Standard,33435,26.524549,-80.06321
Boynton Beach,Palm Beach,Standard,33436,26.530144,-80.10461
Boynton Beach,Palm Beach,Standard,33437,26.522249,-80.15031
Canal Point,Palm Beach,Standard,33438,26.900359,-80.60368
Clewiston,Hendry,Standard,33440,26.714088,-80.9973
Deerfield Beach,Broward,Standard,33441,26.309657,-80.09541
Deerfield Beach,Broward,Standard,33442,26.309757,-80.14548
Deerfield Beach,Broward,P.O. Box,33443,26.145724,-80.448254
Delray Beach,Palm Beach,Standard,33444,26.460951,-80.07891
Delray Beach,Palm Beach,Standard,33445,26.459571,-80.10582
Delray Beach,Palm Beach,Standard,33446,26.452473,-80.16509
Delray Beach,Palm Beach,P.O. Box,33448,26.645895,-80.430269
Lake Worth,Palm Beach,Standard,33449,26.58,-80.22
Greenacres,Palm Beach,P.O. Box,33454,26.645895,-80.430269
Hobe Sound,Martin,Standard,33455,27.076516,-80.14697
Jupiter,Palm Beach,Standard,33458,26.928035,-80.11803
Lake Harbor,Palm Beach,P.O. Box,33459,26.645895,-80.430269
Lake Worth,Palm Beach,Standard,33460,26.619695,-80.05676
Lake Worth,Palm Beach,Standard,33461,26.621145,-80.08976
Lake Worth,Palm Beach,Standard,33462,26.579714,-80.07437
Lake Worth,Palm Beach,Standard,33463,26.609226,-80.12874
Boca Raton,Palm Beach,Unique,33464,26.645895,-80.430269
Lake Worth,Palm Beach,P.O. Box,33465,26.628272,-80.132569
Lake Worth,Palm Beach,P.O. Box,33466,26.645895,-80.430269
Lake Worth,Palm Beach,Standard,33467,26.601937,-80.17921
Jupiter,Palm Beach,P.O. Box,33468,26.645895,-80.430269
Jupiter,Palm Beach,Standard,33469,26.968795,-80.0994
Loxahatchee,Palm Beach,Standard,33470,26.751094,-80.30156
Moore Haven,Glades,Standard,33471,26.844989,-81.1105
Boynton Beach,Palm Beach,Standard,33472,26.53,-80.19
Boynton Beach,Palm Beach,Standard,33473,26.49,-80.19
Boynton Beach,Palm Beach,P.O. Box,33474,26.645895,-80.430269
Hobe Sound,Martin,P.O. Box,33475,27.110182,-80.454196
Pahokee,Palm Beach,Standard,33476,26.817786,-80.65425
Jupiter,Palm Beach,Standard,33477,26.924709,-80.08119
Jupiter,Palm Beach,Standard,33478,26.925835,-80.21526
Palm Beach,Palm Beach,Standard,33480,26.715067,-80.03937
Boca Raton,Palm Beach,P.O. Box,33481,26.645895,-80.430269
Delray Beach,Palm Beach,P.O. Box,33482,26.645895,-80.430269
Delray Beach,Palm Beach,Standard,33483,26.465051,-80.06517
Delray Beach,Palm Beach,Standard,33484,26.458152,-80.1356
Boca Raton,Palm Beach,Standard,33486,26.344955,-80.11226
Boca Raton,Palm Beach,Standard,33487,26.409953,-80.08841
Boca Raton,Palm Beach,P.O. Box,33488,26.645895,-80.430269
South Bay,Palm Beach,Standard,33493,26.663097,-80.71827
Boca Raton,Palm Beach,Standard,33496,26.404353,-80.1627
Boca Raton,Palm Beach,P.O. Box,33497,26.645895,-80.430269
Boca Raton,Palm Beach,Standard,33498,26.391346,-80.21824
Boca Raton,Palm Beach,Unique,33499,26.645895,-80.430269
Balm,Hillsborough,P.O. Box,33503,27.764761,-82.273409
Brandon,Hillsborough,P.O. Box,33508,27.94,-82.29
Brandon,Hillsborough,P.O. Box,33509,28.119579,-82.451959
Brandon,Hillsborough,Standard,33510,27.953801,-82.29748
Brandon,Hillsborough,Standard,33511,27.911201,-82.2948
Bushnell,Sumter,Standard,33513,28.663132,-82.14042
Center Hill,Sumter,Standard,33514,28.654412,-81.98278
Coleman,Sumter,P.O. Box,33521,28.805331,-82.07371
Dade City,Pasco,Standard,33523,28.433019,-82.19736
Crystal Springs,Pasco,P.O. Box,33524,28.182209,-82.152341
Dade City,Pasco,Standard,33525,28.346914,-82.20293
Dade City,Pasco,P.O. Box,33526,28.310134,-82.247783
Dover,Hillsborough,Standard,33527,27.98706,-82.21357
Durant,Hillsborough,P.O. Box,33530,27.906823,-82.176749
Gibsonton,Hillsborough,Standard,33534,27.837894,-82.37407
Lacoochee,Pasco,P.O. Box,33537,28.324796,-82.481766
Lake Panasoffkee,Sumter,Standard,33538,28.835261,-82.14818
Zephyrhills,Pasco,P.O. Box,33539,28.21305,-82.16568
Zephyrhills,Pasco,Standard,33540,28.235313,-82.16868
Zephyrhills,Pasco,Standard,33541,28.234624,-82.20022
Zephyrhills,Pasco,Standard,33542,28.238489,-82.181913
Wesley Chapel,Pasco,Standard,33543,28.187356,-82.31601
Wesley Chapel,Pasco,Standard,33544,28.26658,-82.34222
Wesley Chapel,Pasco,Standard,33545,28.28,-82.29
Lithia,Hillsborough,Standard,33547,27.788498,-82.1508
Lutz,Hillsborough,Standard,33548,27.871964,-82.438841
Lutz,Hillsborough,Standard,33549,28.142694,-82.46629
Mango,Hillsborough,P.O. Box,33550,27.871964,-82.438841
Odessa,Hillsborough,Standard,33556,28.143377,-82.59054
Lutz,Hillsborough,Standard,33558,28.157704,-82.514615
Lutz,Hillsborough,Standard,33559,28.156536,-82.415275
Plant City,Hillsborough,Standard,33563,28.016971,-82.128584
Plant City,Hillsborough,P.O. Box,33564,28.029627,-82.134741
Plant City,Hillsborough,Standard,33565,28.065552,-82.14506
Plant City,Hillsborough,Standard,33566,28.013755,-82.11685
Plant City,Hillsborough,Standard,33567,27.982949,-82.14539
Riverview,Hillsborough,P.O. Box,33568,27.871964,-82.438841
Riverview,Hillsborough,Standard,33569,27.847802,-82.31799
Ruskin,Hillsborough,Standard,33570,27.703801,-82.44385
Sun City Center,Hillsborough,P.O. Box,33571,27.720111,-82.453041
Apollo Beach,Hillsborough,Standard,33572,27.771988,-82.41078
Sun City Center,Hillsborough,Standard,33573,27.713353,-82.35965
Saint Leo,Pasco,P.O. Box,33574,28.334752,-82.269323
Ruskin,Hillsborough,P.O. Box,33575,27.72,-82.43
San Antonio,Pasco,Standard,33576,28.331979,-82.28877
Riverview,Hillsborough,Standard,33578,28.331186,-82.252917
Riverview,Hillsborough,Standard,33579,27.79,-82.29
Seffner,Hillsborough,P.O. Box,33583,27.871964,-82.438841
Seffner,Hillsborough,Standard,33584,27.987925,-82.28819
Sumterville,Sumter,Standard,33585,28.754347,-82.06126
Sun City,Hillsborough,P.O. Box,33586,27.871964,-82.438841
Sydney,Hillsborough,P.O. Box,33587,27.871964,-82.438841
Thonotosassa,Hillsborough,Standard,33592,28.077843,-82.29837
Trilby,Pasco,P.O. Box,33593,28.324796,-82.481766
Valrico,Hillsborough,Standard,33594,27.911226,-82.24508
Valrico,Hillsborough,P.O. Box,33595,27.871964,-82.438841
Valrico,Hillsborough,Standard,33596,27.88,-82.24
Webster,Sumter,Standard,33597,28.568393,-82.15053
Wimauma,Hillsborough,Standard,33598,27.693924,-82.32758
Tampa,Hillsborough,P.O. Box,33601,27.996097,-82.582035
Tampa,Hillsborough,Standard,33602,27.956149,-82.45723
Tampa,Hillsborough,Standard,33603,27.984198,-82.4627
Tampa,Hillsborough,Standard,33604,28.016846,-82.4566
Tampa,Hillsborough,Standard,33605,27.963849,-82.43193
Tampa,Hillsborough,Standard,33606,27.936799,-82.46911
Tampa,Hillsborough,Standard,33607,27.963798,-82.49537
Tampa,Hillsborough,P.O. Box,33608,27.84343,-82.488413
Tampa,Hillsborough,Standard,33609,27.943549,-82.50656
Tampa,Hillsborough,Standard,33610,27.993498,-82.40914
Tampa,Hillsborough,Standard,33611,27.891151,-82.50581
Tampa,Hillsborough,Standard,33612,28.048595,-82.45171
Tampa,Hillsborough,Standard,33613,28.077994,-82.44989
Tampa,Hillsborough,Standard,33614,28.006247,-82.50632
Tampa,Hillsborough,Standard,33615,28.005446,-82.57776
Tampa,Hillsborough,Standard,33616,27.869251,-82.52226
Tampa,Hillsborough,Standard,33617,28.039096,-82.39371
Tampa,Hillsborough,Standard,33618,28.071502,-82.49392
Tampa,Hillsborough,Standard,33619,27.94605,-82.37525
Tampa,Hillsborough,Unique,33620,28.062961,-82.41314
Tampa,Hillsborough,Standard,33621,27.855078,-82.52464
Tampa,Hillsborough,P.O. Box,33622,27.871964,-82.438841
Tampa,Hillsborough,P.O. Box,33623,27.871964,-82.438841
Tampa,Hillsborough,Standard,33624,28.07506,-82.52355
Tampa,Hillsborough,Standard,33625,28.069755,-82.55734
Tampa,Hillsborough,Standard,33626,28.052799,-82.61135
Tampa,Hillsborough,Standard,33629,27.92085,-82.50916
Tampa,Hillsborough,P.O. Box,33630,27.871964,-82.438841
Tampa,Hillsborough,P.O. Box,33631,27.871964,-82.438841
Tampa,Hillsborough,Unique,33633,27.871964,-82.438841
Tampa,Hillsborough,Standard,33634,28.005497,-82.54936
Tampa,Hillsborough,Standard,33635,28.031088,-82.60593
Tampa,Hillsborough,Standard,33637,28.038324,-82.36289
Tampa,Hillsborough,P.O. Box,33646,27.95,-82.45
Tampa,Hillsborough,Standard,33647,28.127973,-82.36123
Tampa,Hillsborough,Unique,33650,27.871964,-82.438841
Tampa,Hillsborough,Unique,33655,27.871964,-82.438841
Tampa,Hillsborough,Unique,33660,27.871964,-82.438841
Tampa,Hillsborough,Unique,33661,27.871964,-82.438841
Tampa,Hillsborough,Unique,33662,27.871964,-82.438841
Tampa,Hillsborough,Unique,33663,27.871964,-82.438841
Tampa,Hillsborough,Unique,33664,27.871964,-82.438841
Tampa,Hillsborough,P.O. Box,33672,27.871964,-82.438841
Tampa,Hillsborough,P.O. Box,33673,27.871964,-82.438841
Tampa,Hillsborough,P.O. Box,33674,27.871964,-82.438841
Tampa,Hillsborough,P.O. Box,33675,27.871964,-82.438841
Tampa,Hillsborough,P.O. Box,33677,27.871964,-82.438841
Tampa,Hillsborough,P.O. Box,33679,27.871964,-82.438841
Tampa,Hillsborough,P.O. Box,33680,27.871964,-82.438841
Tampa,Hillsborough,P.O. Box,33681,27.871964,-82.438841
Tampa,Hillsborough,P.O. Box,33682,27.871964,-82.438841
Tampa,Hillsborough,P.O. Box,33684,27.871964,-82.438841
Tampa,Hillsborough,P.O. Box,33685,27.871964,-82.438841
Tampa,Hillsborough,P.O. Box,33686,27.871964,-82.438841
Tampa,Hillsborough,P.O. Box,33687,27.871964,-82.438841
Tampa,Hillsborough,P.O. Box,33688,27.871964,-82.438841
Tampa,Hillsborough,P.O. Box,33689,27.871964,-82.438841
Tampa,Hillsborough,P.O. Box,33694,27.871964,-82.438841
Saint Petersburg,Pinellas,Standard,33701,27.770955,-82.63931
Saint Petersburg,Pinellas,Standard,33702,27.843052,-82.6449
Saint Petersburg,Pinellas,Standard,33703,27.816977,-82.62795
Saint Petersburg,Pinellas,Standard,33704,27.796454,-82.63751
Saint Petersburg,Pinellas,Standard,33705,27.741306,-82.64349
Saint Petersburg,Pinellas,Standard,33706,27.741505,-82.75179
Saint Petersburg,Pinellas,Standard,33707,27.756505,-82.71764
Saint Petersburg,Pinellas,Standard,33708,27.811626,-82.79321
Saint Petersburg,Pinellas,Standard,33709,27.815953,-82.72865
Saint Petersburg,Pinellas,Standard,33710,27.788637,-82.72244
Saint Petersburg,Pinellas,Standard,33711,27.750655,-82.6882
Saint Petersburg,Pinellas,Standard,33712,27.745355,-82.66572
Saint Petersburg,Pinellas,Standard,33713,27.787904,-82.68039
Saint Petersburg,Pinellas,Standard,33714,27.817323,-82.67612
Saint Petersburg,Pinellas,Standard,33715,27.68301,-82.72096
Saint Petersburg,Pinellas,Standard,33716,27.874324,-82.64515
Saint Petersburg,Pinellas,Unique,33729,27.881909,-82.664359
Saint Petersburg,Pinellas,Standard,33730,27.891809,-82.724763
Saint Petersburg,Pinellas,P.O. Box,33731,27.891809,-82.724763
Saint Petersburg,Pinellas,P.O. Box,33732,27.891809,-82.724763
Saint Petersburg,Pinellas,P.O. Box,33733,27.925755,-82.75211
Saint Petersburg,Pinellas,P.O. Box,33734,27.891809,-82.724763
Saint Petersburg,Pinellas,P.O. Box,33736,27.891809,-82.724763
Saint Petersburg,Pinellas,P.O. Box,33738,27.891809,-82.724763
Saint Petersburg,Pinellas,P.O. Box,33740,27.891809,-82.724763
Saint Petersburg,Pinellas,P.O. Box,33741,27.891809,-82.724763
Saint Petersburg,Pinellas,P.O. Box,33742,27.891809,-82.724763
Saint Petersburg,Pinellas,P.O. Box,33743,27.891809,-82.724763
Bay Pines,Pinellas,P.O. Box,33744,27.891809,-82.724763
Saint Petersburg,Pinellas,P.O. Box,33747,27.891809,-82.724763
Clearwater,Pinellas,Standard,33755,27.979114,-82.78166
Clearwater,Pinellas,Standard,33756,27.944631,-82.78702
Clearwater,Pinellas,P.O. Box,33757,27.891809,-82.724763
Clearwater,Pinellas,P.O. Box,33758,27.891809,-82.724763
Clearwater,Pinellas,Standard,33759,27.980297,-82.71645
Clearwater,Pinellas,Standard,33760,27.90802,-82.71365
Clearwater,Pinellas,Standard,33761,28.032827,-82.72596
Clearwater,Pinellas,Standard,33762,27.883118,-82.68389
Clearwater,Pinellas,Standard,33763,28.001394,-82.74549
Clearwater,Pinellas,Standard,33764,27.932797,-82.74115
Clearwater,Pinellas,Standard,33765,27.971362,-82.74482
Clearwater,Pinellas,P.O. Box,33766,27.891809,-82.724763
Clearwater Beach,Pinellas,Standard,33767,27.982722,-82.82504
Clearwater,Pinellas,Unique,33769,27.891809,-82.724763
Largo,Pinellas,Standard,33770,27.916149,-82.80122
Largo,Pinellas,Standard,33771,27.906088,-82.7553
Seminole,Pinellas,Standard,33772,27.843349,-82.79307
Largo,Pinellas,Standard,33773,27.883188,-82.75633
Largo,Pinellas,Standard,33774,27.885283,-82.82607
Seminole,Pinellas,P.O. Box,33775,27.891809,-82.724763
Seminole,Pinellas,Standard,33776,27.853151,-82.82712
Seminole,Pinellas,Standard,33777,27.851052,-82.76111
Largo,Pinellas,Standard,33778,27.885344,-82.79594
Largo,Pinellas,P.O. Box,33779,27.839698,-82.772483
Pinellas Park,Pinellas,P.O. Box,33780,27.891809,-82.724763
Pinellas Park,Pinellas,Standard,33781,27.839802,-82.71094
Pinellas Park,Pinellas,Standard,33782,27.861925,-82.71145
Saint Petersburg,Pinellas,P.O. Box,33784,27.891809,-82.724763
Indian Rocks Beach,Pinellas,Standard,33785,27.887923,-82.84703
Belleair Beach,Pinellas,Standard,33786,27.924748,-82.83937
Lakeland,Polk,Standard,33801,28.041198,-81.92392
Lakeland,Polk,P.O. Box,33802,28.020992,-81.985185
Lakeland,Polk,Standard,33803,28.015032,-81.95206
Lakeland,Polk,P.O. Box,33804,28.002553,-81.61864
Lakeland,Polk,Standard,33805,28.071564,-81.95802
Lakeland,Polk,P.O. Box,33806,28.002553,-81.61864
Lakeland,Polk,P.O. Box,33807,28.002553,-81.61864
Lakeland,Polk,Standard,33809,28.128494,-81.95625
Lakeland,Polk,Standard,33810,28.106787,-82.01033
Lakeland,Polk,Standard,33811,27.978316,-82.00841
Lakeland,Polk,Standard,33812,27.97,-81.89
Lakeland,Polk,Standard,33813,27.965469,-81.92215
Lakeland,Polk,Standard,33815,28.042948,-81.9849
Alturas,Polk,P.O. Box,33820,28.002553,-81.61864
Auburndale,Polk,Standard,33823,28.068865,-81.80267
Avon Park,Highlands,Standard,33825,27.60047,-81.50932
Avon Park,Highlands,P.O. Box,33826,27.339483,-81.252872
Babson Park,Polk,Standard,33827,27.826864,-81.53291
Bartow,Polk,Standard,33830,27.894991,-81.82638
Bartow,Polk,P.O. Box,33831,27.955426,-81.951673
Bowling Green,Hardee,Standard,33834,27.613064,-81.93581
Bradley,Polk,P.O. Box,33835,27.710056,-81.95196
Davenport,Polk,P.O. Box,33836,28.167211,-81.631589
Davenport,Polk,Standard,33837,28.223014,-81.63131
Dundee,Polk,Standard,33838,28.021066,-81.61872
Eagle Lake,Polk,Standard,33839,27.98038,-81.75531
Eaton Park,Polk,P.O. Box,33840,28.084383,-81.5415
Fort Meade,Polk,Standard,33841,27.7437,-81.79405
Frostproof,Polk,Standard,33843,27.757986,-81.5088
Haines City,Polk,Standard,33844,28.101527,-81.6235
Haines City,Polk,P.O. Box,33845,28.002553,-81.61864
Highland City,Polk,P.O. Box,33846,27.964651,-81.867153
Homeland,Polk,P.O. Box,33847,27.815882,-81.82529
Intercession City,Osceola,P.O. Box,33848,28.26074,-81.50669
Kathleen,Polk,Standard,33849,28.24625,-82.06358
Lake Alfred,Polk,Standard,33850,28.092512,-81.72758
Lake Hamilton,Polk,P.O. Box,33851,28.044641,-81.62373
Lake Placid,Highlands,Standard,33852,27.293327,-81.38206
Lake Wales,Polk,Standard,33853,27.894622,-81.52824
Lakeshore,Polk,P.O. Box,33854,28.002553,-81.61864
Indian Lake Estates,Polk,P.O. Box,33855,27.798022,-81.357154
Nalcrest,Polk,P.O. Box,33856,27.855686,-81.430915
Lorida,Highlands,Standard,33857,27.397067,-81.1411
Loughman,Polk,P.O. Box,33858,28.050121,-81.505211
Lake Wales,Polk,Standard,33859,27.885359,-81.522998
Mulberry,Polk,Standard,33860,27.884256,-81.97697
Lake Placid,Highlands,P.O. Box,33862,27.244668,-81.288424
Nichols,Polk,P.O. Box,33863,28.002553,-81.61864
Ona,Hardee,Standard,33865,27.432764,-81.93703
River Ranch,Polk,Standard,33867,27.768567,-81.19664
Polk City,Polk,Standard,33868,28.180035,-81.81863
Sebring,Highlands,Standard,33870,27.483817,-81.42131
Sebring,Highlands,P.O. Box,33871,27.485803,-81.407884
Sebring,Highlands,Standard,33872,27.475288,-81.48535
Wauchula,Hardee,Standard,33873,27.541676,-81.8127
Sebring,Highlands,Standard,33875,27.430819,-81.463297
Sebring,Highlands,Standard,33876,27.436826,-81.35515
Waverly,Polk,P.O. Box,33877,27.982891,-81.61743
Winter Haven,Polk,Standard,33880,27.997276,-81.74554
Winter Haven,Polk,Standard,33881,28.051985,-81.72457
Winter Haven,Polk,P.O. Box,33882,28.029402,-81.732139
Winter Haven,Polk,P.O. Box,33883,28.002553,-81.61864
Winter Haven,Polk,Standard,33884,27.997387,-81.68256
Winter Haven,Polk,P.O. Box,33885,28.002553,-81.61864
Winter Haven,Polk,Unique,33888,28.023115,-81.723417
Zolfo Springs,Hardee,Standard,33890,27.485551,-81.72528
Davenport,Polk,Standard,33896,28.252198,-81.607612
Davenport,Polk,Standard,33897,28.310679,-81.670264
Lake Wales,Polk,Standard,33898,27.918187,-81.493521
Fort Myers,Lee,Standard,33901,26.62365,-81.8727
Fort Myers,Lee,P.O. Box,33902,26.623908,-81.883648
North Fort Myers,Lee,Standard,33903,26.698526,-81.9178
Cape Coral,Lee,Standard,33904,26.582185,-81.95528
Fort Myers,Lee,Standard,33905,26.680407,-81.74812
Fort Myers,Lee,P.O. Box,33906,26.552895,-81.94861
Fort Myers,Lee,Standard,33907,26.566053,-81.87009
Fort Myers,Lee,Standard,33908,26.502677,-81.93052
Cape Coral,Lee,Standard,33909,26.687462,-81.94968
Cape Coral,Lee,P.O. Box,33910,26.552895,-81.94861
Fort Myers,Lee,P.O. Box,33911,26.596286,-81.882373
Fort Myers,Lee,Standard,33912,26.501582,-81.82841
Fort Myers,Lee,Standard,33913,26.542097,-81.69984
Cape Coral,Lee,Standard,33914,26.579862,-82.00227
Cape Coral,Lee,P.O. Box,33915,26.659942,-81.893427
Fort Myers,Lee,Standard,33916,26.6435,-81.84418
North Fort Myers,Lee,Standard,33917,26.711647,-81.865
North Fort Myers,Lee,P.O. Box,33918,26.71613,-81.607007
Fort Myers,Lee,Standard,33919,26.555958,-81.90174
Alva,Lee,Standard,33920,26.711362,-81.61684
Boca Grande,Lee,P.O. Box,33921,26.759514,-82.26351
Bokeelia,Lee,Standard,33922,26.6636,-82.14112
Captiva,Lee,P.O. Box,33924,26.519415,-82.19101
El Jobean,Charlotte,P.O. Box,33927,26.901981,-82.000005
Estero,Lee,Standard,33928,26.425671,-81.80196
Estero,Lee,P.O. Box,33929,26.43,-81.8
Felda,Hendry,P.O. Box,33930,26.581172,-81.46202
Fort Myers Beach,Lee,Standard,33931,26.446463,-81.93269
Fort Myers Beach,Lee,P.O. Box,33932,26.552895,-81.94861
Labelle,Hendry,Standard,33935,26.760476,-81.43029
Lehigh Acres,Lee,Standard,33936,26.588982,-81.61163
Murdock,Charlotte,P.O. Box,33938,26.901981,-82.000005
Palmdale,Glades,P.O. Box,33944,26.95925,-81.31568
Pineland,Lee,P.O. Box,33945,26.59951,-82.22166
Placida,Charlotte,Standard,33946,26.849473,-82.28661
Rotonda West,Charlotte,Standard,33947,26.894448,-82.26125
Port Charlotte,Charlotte,Standard,33948,26.984486,-82.14859
Port Charlotte,Charlotte,P.O. Box,33949,26.993904,-82.098418
Punta Gorda,Charlotte,Standard,33950,26.914393,-82.04106
Punta Gorda,Charlotte,P.O. Box,33951,26.970756,-81.984504
Port Charlotte,Charlotte,Standard,33952,26.993876,-82.09821
Port Charlotte,Charlotte,Standard,33953,27.012758,-82.2112
Port Charlotte,Charlotte,Standard,33954,27.02442,-82.12225
Punta Gorda,Charlotte,Standard,33955,26.837879,-82.00403
Saint James City,Lee,Standard,33956,26.536435,-82.0915
Sanibel,Lee,Standard,33957,26.439608,-82.08045
Venus,Highlands,Standard,33960,27.052583,-81.39628
Fort Myers,Lee,Unique,33965,26.552895,-81.94861
Fort Myers,Lee,Standard,33966,26.57,-81.82
Fort Myers,Lee,Standard,33967,26.47,-81.8
Lehigh Acres,Lee,P.O. Box,33970,26.564718,-81.620778
Lehigh Acres,Lee,Standard,33971,26.60599,-81.70296
Lehigh Acres,Lee,Standard,33972,26.634332,-81.59391
Lehigh Acres,Lee,Standard,33973,26.59,-81.72
Lehigh Acres,Lee,Standard,33974,26.56,-81.59
Labelle,Hendry,P.O. Box,33975,26.742327,-81.27863
Lehigh Acres,Lee,Standard,33976,26.6,-81.68
Punta Gorda,Charlotte,Standard,33980,26.983094,-82.05972
Port Charlotte,Charlotte,Standard,33981,26.922089,-82.23092
Punta Gorda,Charlotte,Standard,33982,26.958821,-81.95134
Punta Gorda,Charlotte,Standard,33983,26.999486,-82.00964
Cape Coral,Lee,Standard,33990,26.63075,-81.95251
Cape Coral,Lee,Standard,33991,26.634338,-82.00674
Cape Coral,Lee,Standard,33993,26.681122,-82.01319
Fort Myers,Lee,P.O. Box,33994,26.552895,-81.94861
Naples,Collier,P.O. Box,34101,25.855534,-81.38719
Naples,Collier,Standard,34102,26.142938,-81.79852
Naples,Collier,Standard,34103,26.191117,-81.80333
Naples,Collier,Standard,34104,26.15091,-81.7477
Naples,Collier,Standard,34105,26.187767,-81.76829
Naples,Collier,P.O. Box,34106,26.14326,-81.389124
Naples,Collier,P.O. Box,34107,26.14326,-81.389124
Naples,Collier,Standard,34108,26.252711,-81.80825
Naples,Collier,Standard,34109,26.240637,-81.76663
Naples,Collier,Standard,34110,26.28828,-81.78726
Naples,Collier,Standard,34112,26.121546,-81.75251
Naples,Collier,Standard,34113,26.067538,-81.72002
Naples,Collier,Standard,34114,26.020283,-81.63094
Naples,Collier,Standard,34116,26.183424,-81.70643
Naples,Collier,Standard,34117,26.1785,-81.55495
Naples,Collier,Standard,34119,26.256551,-81.7186
Naples,Collier,Standard,34120,26.275676,-81.59586
Bonita Springs,Lee,P.O. Box,34133,26.552895,-81.94861
Bonita Springs,Lee,Standard,34134,26.348608,-81.83134
Bonita Springs,Lee,Standard,34135,26.348523,-81.77391
Bonita Springs,Lee,P.O. Box,34136,26.552895,-81.94861
Copeland,Collier,P.O. Box,34137,26.03569,-81.46799
Chokoloskee,Collier,P.O. Box,34138,25.813786,-81.36291
Everglades City,Collier,P.O. Box,34139,25.856771,-81.38412
Goodland,Collier,P.O. Box,34140,26.14326,-81.389124
Ochopee,Collier,Standard,34141,25.7265,-81.20151
Immokalee,Collier,Standard,34142,26.398248,-81.39325
Immokalee,Collier,P.O. Box,34143,26.464183,-81.504661
Marco Island,Collier,Standard,34145,25.940112,-81.71329
Marco Island,Collier,P.O. Box,34146,26.14326,-81.389124
Bradenton,Manatee,Standard,34201,27.400627,-82.47104
Bradenton,Manatee,Standard,34202,27.434755,-82.40211
Bradenton,Manatee,Standard,34203,27.448369,-82.52324
Bradenton,Manatee,P.O. Box,34204,27.427213,-82.438689
Bradenton,Manatee,Standard,34205,27.485617,-82.58294
Bradenton,Manatee,P.O. Box,34206,27.427213,-82.438689
Bradenton,Manatee,Standard,34207,27.438719,-82.57646
Bradenton,Manatee,Standard,34208,27.486448,-82.535
Bradenton,Manatee,Standard,34209,27.488866,-82.62737
Bradenton,Manatee,Standard,34210,27.455543,-82.63372
Bradenton,Manatee,Standard,34211,27.437698,-82.372125
Bradenton,Manatee,Standard,34212,27.48,-82.57
Cortez,Manatee,Standard,34215,27.469113,-82.68765
Anna Maria,Manatee,P.O. Box,34216,27.530644,-82.73594
Bradenton Beach,Manatee,Standard,34217,27.499982,-82.7129
Holmes Beach,Manatee,P.O. Box,34218,27.499515,-82.709871
Parrish,Manatee,Standard,34219,27.574128,-82.40701
Palmetto,Manatee,P.O. Box,34220,27.427213,-82.438689
Palmetto,Manatee,Standard,34221,27.549314,-82.55981
Ellenton,Manatee,Standard,34222,27.532098,-82.5009
Englewood,Sarasota,Standard,34223,26.974858,-82.3665
Englewood,Charlotte,Standard,34224,26.925265,-82.29693
Longboat Key,Manatee,Standard,34228,27.396931,-82.64475
Osprey,Sarasota,Standard,34229,27.187829,-82.48539
Sarasota,Sarasota,P.O. Box,34230,27.335023,-82.537169
Sarasota,Sarasota,Standard,34231,27.267649,-82.51663
Sarasota,Sarasota,Standard,34232,27.321313,-82.47648
Sarasota,Sarasota,Standard,34233,27.285142,-82.47363
Sarasota,Sarasota,Standard,34234,27.365622,-82.53556
Sarasota,Sarasota,Standard,34235,27.365549,-82.48659
Sarasota,Sarasota,Standard,34236,27.333014,-82.54613
Sarasota,Sarasota,Standard,34237,27.336973,-82.51506
Sarasota,Sarasota,Standard,34238,27.240571,-82.47836
Sarasota,Sarasota,Standard,34239,27.310924,-82.5213
Sarasota,Sarasota,Standard,34240,27.33458,-82.40894
Sarasota,Sarasota,Standard,34241,27.272873,-82.41676
Sarasota,Sarasota,Standard,34242,27.275225,-82.54934
Sarasota,Manatee,Standard,34243,27.407657,-82.52923
Sarasota,Sarasota,Unique,34249,NA,NA
Terra Ceia,Manatee,P.O. Box,34250,27.575972,-82.58493
Myakka City,Manatee,Standard,34251,27.396045,-82.23349
Sarasota,Manatee,P.O. Box,34260,27.427213,-82.438689
Oneco,Manatee,P.O. Box,34264,27.427213,-82.438689
Arcadia,Desoto,P.O. Box,34265,27.186146,-81.809939
Arcadia,Desoto,Standard,34266,27.201006,-81.87196
Fort Ogden,Desoto,P.O. Box,34267,27.186146,-81.809939
Nocatee,Desoto,P.O. Box,34268,27.158612,-81.88324
Arcadia,Desoto,Standard,34269,27.21,-81.85
Tallevast,Manatee,P.O. Box,34270,27.405429,-82.543519
Laurel,Sarasota,P.O. Box,34272,27.146963,-82.425512
Nokomis,Sarasota,P.O. Box,34274,27.144031,-82.464468
Nokomis,Sarasota,Standard,34275,27.136731,-82.45241
Sarasota,Sarasota,P.O. Box,34276,27.167521,-82.380967
Sarasota,Sarasota,P.O. Box,34277,27.167521,-82.380967
Sarasota,Sarasota,P.O. Box,34278,27.331628,-82.528488
Bradenton,Manatee,P.O. Box,34280,27.427213,-82.438689
Bradenton,Manatee,P.O. Box,34281,27.427213,-82.438689
Bradenton,Manatee,P.O. Box,34282,27.427213,-82.438689
Venice,Sarasota,P.O. Box,34284,27.167521,-82.380967
Venice,Sarasota,Standard,34285,27.091783,-82.44846
North Port,Sarasota,Standard,34286,27.072445,-82.1606
North Port,Sarasota,Standard,34287,27.051075,-82.24417
North Port,Sarasota,Standard,34288,27.048707,-82.127196
North Port,Sarasota,Standard,34289,27.08464,-82.156884
North Port,Sarasota,P.O. Box,34290,27.04,-82.24
North Port,Sarasota,Standard,34291,27.17,-82.28
Venice,Sarasota,Standard,34292,27.098474,-82.41481
Venice,Sarasota,Standard,34293,27.055013,-82.3973
Englewood,Sarasota,P.O. Box,34295,27.085985,-82.438918
Belleview,Marion,Standard,34420,29.054976,-82.04255
Belleview,Marion,P.O. Box,34421,29.240728,-82.087458
Crystal River,Citrus,P.O. Box,34423,28.867027,-82.572703
Crystal River,Citrus,Standard,34428,28.95138,-82.61213
Crystal River,Citrus,Standard,34429,28.872108,-82.5961
Dunnellon,Marion,P.O. Box,34430,29.240728,-82.087458
Dunnellon,Marion,Standard,34431,29.131665,-82.49726
Dunnellon,Marion,Standard,34432,29.060092,-82.35195
Dunnellon,Citrus,Standard,34433,28.997155,-82.50053
Dunnellon,Citrus,Standard,34434,28.99409,-82.45364
Floral City,Citrus,Standard,34436,28.751024,-82.28449
Hernando,Citrus,P.O. Box,34441,NA,NA
Hernando,Citrus,Standard,34442,28.932925,-82.39477
Holder,Citrus,P.O. Box,34445,28.948753,-82.406476
Homosassa,Citrus,Standard,34446,28.746912,-82.53331
Homosassa Springs,Citrus,P.O. Box,34447,28.804911,-82.574264
Homosassa,Citrus,Standard,34448,28.797979,-82.5912
Inglis,Levy,Standard,34449,29.07664,-82.68022
Inverness,Citrus,Standard,34450,28.829773,-82.29019
Inverness,Citrus,P.O. Box,34451,28.803207,-82.32167
Inverness,Citrus,Standard,34452,28.793722,-82.35021
Inverness,Citrus,Standard,34453,28.865761,-82.35982
Lecanto,Citrus,P.O. Box,34460,28.859286,-82.508694
Lecanto,Citrus,Standard,34461,28.848776,-82.48108
Beverly Hills,Citrus,P.O. Box,34464,28.859286,-82.508694
Beverly Hills,Citrus,Standard,34465,28.932403,-82.47641
Ocala,Marion,Standard,34470,29.198704,-82.10556
Ocala,Marion,Standard,34471,29.171187,-82.10394
Ocala,Marion,Standard,34472,29.120287,-82.02133
Ocala,Marion,Standard,34473,29.003195,-82.1899
Ocala,Marion,Standard,34474,29.166186,-82.17027
Ocala,Marion,Standard,34475,29.212886,-82.15378
Ocala,Marion,Standard,34476,29.08091,-82.21004
Ocala,Marion,P.O. Box,34477,29.240728,-82.087458
Ocala,Marion,P.O. Box,34478,29.187178,-82.112278
Ocala,Marion,Standard,34479,29.23543,-82.1107
Ocala,Marion,Standard,34480,29.12295,-82.0816
Ocala,Marion,Standard,34481,29.124611,-82.32271
Ocala,Marion,Standard,34482,29.232873,-82.2522
Ocala,Marion,P.O. Box,34483,29.240728,-82.087458
Oxford,Sumter,Standard,34484,28.921705,-82.07847
Homosassa,Citrus,P.O. Box,34487,28.859286,-82.508694
Silver Springs,Marion,Standard,34488,29.198564,-81.92095
Silver Springs,Marion,P.O. Box,34489,29.215153,-82.097163
Summerfield,Marion,Standard,34491,28.991135,-82.02658
Summerfield,Marion,P.O. Box,34492,28.99796,-82.016139
Yankeetown,Levy,Standard,34498,29.031155,-82.7201
Brooksville,Hernando,Standard,34601,28.566183,-82.38002
Brooksville,Hernando,Standard,34602,28.51589,-82.26576
Brooksville,Hernando,P.O. Box,34603,28.564167,-82.416515
Brooksville,Hernando,Standard,34604,28.478994,-82.453508
Brooksville,Hernando,P.O. Box,34605,28.505896,-82.422554
Spring Hill,Hernando,Standard,34606,28.470236,-82.59741
Spring Hill,Hernando,Standard,34607,28.516609,-82.61302
Spring Hill,Hernando,Standard,34608,28.484316,-82.55181
Spring Hill,Hernando,Standard,34609,28.475662,-82.50199
Spring Hill,Pasco,Standard,34610,28.397791,-82.53084
Spring Hill,Hernando,P.O. Box,34611,28.564167,-82.416515
Brooksville,Hernando,Standard,34613,28.555346,-82.53601
Brooksville,Hernando,Standard,34614,28.632101,-82.52181
Istachatta,Hernando,P.O. Box,34636,28.65503,-82.267706
Land O Lakes,Pasco,Standard,34637,28.24,-82.49
Land O Lakes,Pasco,Standard,34638,28.27,-82.52
Land O Lakes,Pasco,Standard,34639,28.233671,-82.45463
New Port Richey,Pasco,Standard,34652,28.237582,-82.72818
New Port Richey,Pasco,Standard,34653,28.248558,-82.69869
New Port Richey,Pasco,Standard,34654,28.295714,-82.61782
New Port Richey,Pasco,Standard,34655,28.209833,-82.66973
New Port Richey,Pasco,P.O. Box,34656,28.324796,-82.481766
Ozona,Pinellas,P.O. Box,34660,28.067043,-82.778424
Nobleton,Hernando,P.O. Box,34661,28.643141,-82.26051
Hudson,Pasco,Standard,34667,28.372441,-82.66603
Port Richey,Pasco,Standard,34668,28.30073,-82.69698
Hudson,Pasco,Standard,34669,28.348507,-82.61937
Port Richey,Pasco,P.O. Box,34673,28.324796,-82.481766
Hudson,Pasco,P.O. Box,34674,28.324796,-82.481766
Oldsmar,Pinellas,Standard,34677,28.042799,-82.67737
Aripeka,Pasco,P.O. Box,34679,28.429478,-82.66315
Elfers,Pasco,P.O. Box,34680,28.324796,-82.481766
Crystal Beach,Pinellas,P.O. Box,34681,28.088443,-82.77834
Palm Harbor,Pinellas,P.O. Box,34682,27.891809,-82.724763
Palm Harbor,Pinellas,Standard,34683,28.076744,-82.76116
Palm Harbor,Pinellas,Standard,34684,28.081325,-82.72751
Palm Harbor,Pinellas,Standard,34685,28.099485,-82.69532
Tarpon Springs,Pinellas,Standard,34688,27.891809,-82.724763
Tarpon Springs,Pinellas,Standard,34689,28.149691,-82.75339
Holiday,Pasco,Standard,34690,28.190181,-82.72696
Holiday,Pasco,Standard,34691,28.19006,-82.75735
Holiday,Pasco,P.O. Box,34692,28.19,-82.74
Safety Harbor,Pinellas,Standard,34695,28.005639,-82.69511
Dunedin,Pinellas,P.O. Box,34697,27.891809,-82.724763
Dunedin,Pinellas,Standard,34698,28.025395,-82.77534
Astatula,Lake,Standard,34705,28.708139,-81.73307
Clermont,Lake,Standard,34711,28.545742,-81.74805
Clermont,Lake,P.O. Box,34712,28.811078,-81.653642
Clermont,Lake,P.O. Box,34713,28.811078,-81.653642
Clermont,Lake,Standard,34714,28.53,-81.76
Clermont,Lake,Standard,34715,28.63,-81.75
Ferndale,Lake,P.O. Box,34729,28.811078,-81.653642
Fruitland Park,Lake,Standard,34731,28.859765,-81.90184
Gotha,Orange,Standard,34734,28.543429,-81.52479
Groveland,Lake,Standard,34736,28.571677,-81.86649
Howey In The Hills,Lake,Standard,34737,28.711167,-81.77955
Kenansville,Osceola,Standard,34739,27.938975,-81.0951
Killarney,Orange,P.O. Box,34740,28.545385,-81.650667
Kissimmee,Osceola,Standard,34741,28.301788,-81.42159
Kissimmee,Osceola,P.O. Box,34742,27.995287,-81.259332
Kissimmee,Osceola,Standard,34743,28.325715,-81.35408
Kissimmee,Osceola,Standard,34744,28.308979,-81.37594
Kissimmee,Osceola,P.O. Box,34745,27.995287,-81.259332
Kissimmee,Osceola,Standard,34746,28.287883,-81.46862
Kissimmee,Osceola,Standard,34747,28.326187,-81.58897
Leesburg,Lake,Standard,34748,28.797245,-81.88466
Leesburg,Lake,P.O. Box,34749,28.811078,-81.653642
Mascotte,Lake,Standard,34753,28.583191,-81.89038
Minneola,Lake,P.O. Box,34755,28.578234,-81.831883
Montverde,Lake,Standard,34756,28.597126,-81.67579
Kissimmee,Osceola,Standard,34758,28.178192,-81.48731
Kissimmee,Polk,Standard,34759,28.094144,-81.48395
Oakland,Orange,P.O. Box,34760,28.555328,-81.63104
Ocoee,Orange,Standard,34761,28.574628,-81.52946
Okahumpka,Lake,Standard,34762,28.735088,-81.91035
Saint Cloud,Osceola,Standard,34769,28.24934,-81.28749
Saint Cloud,Osceola,P.O. Box,34770,27.995287,-81.259332
Saint Cloud,Osceola,Standard,34771,28.271939,-81.19645
Saint Cloud,Osceola,Standard,34772,28.198441,-81.27246
Saint Cloud,Osceola,Standard,34773,28.160376,-81.00041
Winter Garden,Orange,P.O. Box,34777,28.541579,-81.605846
Winter Garden,Orange,P.O. Box,34778,28.566338,-81.260818
Wildwood,Sumter,Standard,34785,28.852564,-82.0321
Windermere,Orange,Standard,34786,28.495982,-81.5362
Winter Garden,Orange,Standard,34787,28.536794,-81.59344
Leesburg,Lake,Standard,34788,28.857425,-81.7845
Leesburg,Lake,P.O. Box,34789,28.811078,-81.653642
Yalaha,Lake,Standard,34797,28.744182,-81.81859
Fort Pierce,Saint Lucie,Standard,34945,27.431607,-80.4915
Fort Pierce,Saint Lucie,Standard,34946,27.485272,-80.35243
Fort Pierce,Saint Lucie,Standard,34947,27.448688,-80.36247
Fort Pierce,Saint Lucie,P.O. Box,34948,27.382196,-80.409024
Fort Pierce,Saint Lucie,Standard,34949,27.472857,-80.29901
Fort Pierce,Saint Lucie,Standard,34950,27.448016,-80.33644
Fort Pierce,Saint Lucie,Standard,34951,27.53831,-80.40526
Port Saint Lucie,Saint Lucie,Standard,34952,27.291694,-80.29691
Port Saint Lucie,Saint Lucie,Standard,34953,27.246754,-80.38145
Fort Pierce,Saint Lucie,P.O. Box,34954,27.382196,-80.409024
Indiantown,Martin,Standard,34956,27.049788,-80.48057
Jensen Beach,Martin,Standard,34957,27.248445,-80.23277
Jensen Beach,Martin,P.O. Box,34958,27.242402,-80.224613
Okeechobee,Okeechobee,Standard,34972,27.39171,-80.87555
Okeechobee,Okeechobee,P.O. Box,34973,27.297631,-80.802656
Okeechobee,Okeechobee,Standard,34974,27.1944,-80.84644
Fort Pierce,Saint Lucie,P.O. Box,34979,27.382196,-80.409024
Fort Pierce,Saint Lucie,Standard,34981,27.410069,-80.36327
Fort Pierce,Saint Lucie,Standard,34982,27.393097,-80.3279
Port Saint Lucie,Saint Lucie,Standard,34983,27.312471,-80.34907
Port Saint Lucie,Saint Lucie,Standard,34984,27.273272,-80.34727
Port Saint Lucie,Saint Lucie,P.O. Box,34985,27.382196,-80.409024
Port Saint Lucie,Saint Lucie,Standard,34986,27.341158,-80.39786
Port Saint Lucie,Saint Lucie,Standard,34987,27.273586,-80.46447
Port Saint Lucie,Saint Lucie,P.O. Box,34988,27.386818,-80.503746
Palm City,Martin,Standard,34990,27.163485,-80.31267
Palm City,Martin,P.O. Box,34991,27.110182,-80.454196
Port Salerno,Martin,P.O. Box,34992,27.110182,-80.454196
Stuart,Martin,Standard,34994,27.195291,-80.25225
Stuart,Martin,P.O. Box,34995,27.17537,-80.241512
Stuart,Martin,Standard,34996,27.195927,-80.21143
Stuart,Martin,Standard,34997,27.136003,-80.21686
